# In production you would almost certainly limit the replication user must be on the follower (slave) machine,
# to prevent other clients accessing the log from other machines. For example, 'replicator'@'follower.acme.com'.
#
# However, this grant is equivalent to specifying *any* hosts, which makes this easier since the docker host
# is not easily known to the Docker container. But don't do this in production.
#
GRANT REPLICATION SLAVE, REPLICATION CLIENT ON *.* TO 'replicator' IDENTIFIED BY 'replpass';
GRANT SELECT, RELOAD, SHOW DATABASES, REPLICATION SLAVE, REPLICATION CLIENT  ON *.* TO 'debezium' IDENTIFIED BY 'dbz';

# Create the database that we'll use to populate data and watch the effect in the binlog
CREATE DATABASE inventory;
GRANT ALL PRIVILEGES ON inventory.* TO 'mysqluser'@'%';

# Switch to this database
USE inventory;

# Create and populate our products using a single insert with many rows
# Create and populate our products using a single insert with many rows
CREATE TABLE products (
  id INTEGER NOT NULL AUTO_INCREMENT PRIMARY KEY,
  name VARCHAR(255) NOT NULL,
  description VARCHAR(512),
  weight FLOAT
);
ALTER TABLE products AUTO_INCREMENT = 101;

INSERT INTO products
VALUES (default,"scooter","Small 2-wheel scooter",3.14),
       (default,"car battery","12V car battery",8.1),
       (default,"12-pack drill bits","12-pack of drill bits with sizes ranging from #40 to #3",0.8),
       (default,"hammer","12oz carpenter's hammer",0.75),
       (default,"hammer","14oz carpenter's hammer",0.875),
       (default,"hammer","16oz carpenter's hammer",1.0),
       (default,"rocks","box of assorted rocks",5.3),
       (default,"jacket","water resistent black wind breaker",0.1),
       (default,"spare tire","24 inch spare tire",22.2);

# Create and populate the products on hand using multiple inserts
CREATE TABLE products_on_hand (
  product_id INTEGER NOT NULL PRIMARY KEY,
  quantity INTEGER NOT NULL,
  FOREIGN KEY (product_id) REFERENCES products(id)
);

INSERT INTO products_on_hand VALUES (101,3);
INSERT INTO products_on_hand VALUES (102,8);
INSERT INTO products_on_hand VALUES (103,18);
INSERT INTO products_on_hand VALUES (104,4);
INSERT INTO products_on_hand VALUES (105,5);
INSERT INTO products_on_hand VALUES (106,0);
INSERT INTO products_on_hand VALUES (107,44);
INSERT INTO products_on_hand VALUES (108,2);
INSERT INTO products_on_hand VALUES (109,5);

# Create some customers ...
CREATE TABLE customers (
  id INTEGER NOT NULL AUTO_INCREMENT PRIMARY KEY,
  first_name VARCHAR(255) NOT NULL,
  last_name VARCHAR(255) NOT NULL,
  email VARCHAR(255) NOT NULL UNIQUE KEY
) AUTO_INCREMENT=1001;


INSERT INTO customers
VALUES (default,"Sally","Thomas","sally.thomas@acme.com"),
       (default,"George","Bailey","gbailey@foobar.com"),
       (default,"Edward","Walker","ed@walker.com"),
       (default,"Anne","Kretchmar","annek@noanswer.org");

# Create some fake addresses
CREATE TABLE addresses (
  id INTEGER NOT NULL AUTO_INCREMENT PRIMARY KEY,
  customer_id INTEGER NOT NULL,
  street VARCHAR(255) NOT NULL,
  city VARCHAR(255) NOT NULL,
  state VARCHAR(255) NOT NULL,
  zip VARCHAR(255) NOT NULL,
  type enum('SHIPPING','BILLING','LIVING') NOT NULL,
  FOREIGN KEY address_customer (customer_id) REFERENCES customers(id)
) AUTO_INCREMENT = 10;

INSERT INTO addresses
VALUES (default,1001,'3183 Moore Avenue','Euless','Texas','76036','SHIPPING'),
       (default,1001,'2389 Hidden Valley Road','Harrisburg','Pennsylvania','17116','BILLING'),
       (default,1002,'281 Riverside Drive','Augusta','Georgia','30901','BILLING'),
       (default,1003,'3787 Brownton Road','Columbus','Mississippi','39701','SHIPPING'),
       (default,1003,'2458 Lost Creek Road','Bethlehem','Pennsylvania','18018','SHIPPING'),
       (default,1003,'4800 Simpson Square','Hillsdale','Oklahoma','73743','BILLING'),
       (default,1004,'1289 University Hill Road','Canehill','Arkansas','72717','LIVING');

# Create some very simple orders
CREATE TABLE orders (
  order_number INTEGER NOT NULL AUTO_INCREMENT PRIMARY KEY,
  order_date DATE NOT NULL,
  purchaser INTEGER NOT NULL,
  quantity INTEGER NOT NULL,
  product_id INTEGER NOT NULL,
  FOREIGN KEY order_customer (purchaser) REFERENCES customers(id),
  FOREIGN KEY ordered_product (product_id) REFERENCES products(id)
) AUTO_INCREMENT = 10001;

INSERT INTO orders
VALUES (default, '2016-01-16', 1001, 1, 102),
       (default, '2016-01-17', 1002, 2, 105),
       (default, '2016-02-19', 1002, 2, 106),
       (default, '2016-02-21', 1003, 1, 107);

# Create table with Spatial/Geometry type
CREATE TABLE geom (
	id INTEGER NOT NULL AUTO_INCREMENT PRIMARY KEY,
	g GEOMETRY NOT NULL,
	h GEOMETRY);

INSERT INTO geom
VALUES(default, ST_GeomFromText('POINT(1 1)'), NULL),
      (default, ST_GeomFromText('LINESTRING(2 1, 6 6)'), NULL),
      (default, ST_GeomFromText('POLYGON((0 5, 2 5, 2 7, 0 7, 0 5))'), NULL);

# Create some actors ...
CREATE TABLE actors (
  actor_id INTEGER NOT NULL AUTO_INCREMENT PRIMARY KEY,
  first_name VARCHAR(255) NOT NULL,
  last_name VARCHAR(255) NOT NULL,
  dob INTEGER
 ) AUTO_INCREMENT=2000;

# Create some movies ...
CREATE TABLE movies (
  movie_id INTEGER NOT NULL AUTO_INCREMENT PRIMARY KEY,
  title VARCHAR(255) NOT NULL,
  genre VARCHAR(20) NOT NULL,
  votes INTEGER,
  rating FLOAT,
  release_year INTEGER
 ) AUTO_INCREMENT=300;


CREATE TABLE movies_actors (
 actor_id INTEGER NOT NULL,
 movie_id INTEGER  NOT NULL,
 last_update TIMESTAMP NOT NULL DEFAULT CURRENT_TIMESTAMP ON UPDATE CURRENT_TIMESTAMP,
 PRIMARY KEY  (actor_id,movie_id),
 KEY idx_fk_film_id (`movie_id`),
 CONSTRAINT fk_movie_actor_actor FOREIGN KEY (actor_id) REFERENCES actors (actor_id) ON DELETE RESTRICT ON UPDATE CASCADE,
 CONSTRAINT fk_movie_actor_film FOREIGN KEY (movie_id) REFERENCES movies (movie_id) ON DELETE RESTRICT ON UPDATE CASCADE
);


INSERT INTO actors
VALUES (1,"Chris", "Pratt", 1979),
       (2,"Zoe", "Saldana", 1978),
       (3,"Dave", "Bautista", 1969),
       (4,"Vin", "Diesel", 1967),
       (5,"Bradley", "Cooper", 1975),
       (6,"Lee", "Pace", 1979),
       (7,"Michael", "Rooker", 1955),
       (8,"Karen", "Gillan", 1987),
       (9,"Djimon", "Hounsou", 1964),
       (10,"Ellen", "Burstyn", 1932),
       (11,"Matthew", "McConaughey", 1969),
       (12,"Mackenzie", "Foy", 2000),
       (13,"John", "Lithgow", 1945),
       (14,"David", "Oyelowo", 1976),
       (15,"Collette", "Wolfe", 1980),
       (16,"Francis", "X. McCarthy", 1942),
       (17,"Bill", "Irwin", 1950),
       (18,"Ralph", "Fiennes", 1962),
       (19,"F.", "Murray Abraham", 1939),
       (20,"Mathieu", "Amalric", 1965),
       (21,"Adrien", "Brody", 1973),
       (22,"Willem", "Dafoe", 1955),
       (23,"Jeff", "Goldblum", 1952),
       (24,"Harvey", "Keitel", 1939),
       (25,"Jude", "Law", 1972),
       (26,"Bill", "Murray", 1950),
       (27,"Ben", "Affleck", 1972),
       (28,"Rosamund", "Pike", 1979),
       (29,"Neil", "Patrick Harris", 1973),
       (30,"Tyler", "Perry", 1969),
       (31,"Carrie", "Coon", 1981),
       (32,"Kim", "Dickens", 1965),
       (33,"Patrick", "Fugit", 1982),
       (34,"David", "Clennon", 1943),
       (35,"Lisa", "Banes", 1955),
       (36,"Benedict", "Cumberbatch", 1976),
       (37,"Keira", "Knightley", 1985),
       (38,"Matthew", "Goode", 1978),
       (39,"Rory", "Kinnear", 1978),
       (40,"Allen", "Leech", 1981),
       (41,"Matthew", "Beard", 1989),
       (42,"Charles", "Dance", 1946),
       (43,"Mark", "Strong", 1963),
       (44,"Keanu", "Reeves", 1964),
       (45,"Michael", "Nyqvist", 1960),
       (46,"Alfie", "Allen", 1986),
       (47,"Willem", "Dafoe", 1955),
       (48,"Dean", "Winters", 1964),
       (49,"Adrianne", "Palicki", 1983),
       (50,"Omer", "Barnea", 1980),
       (51,"Daniel", "Bernhardt", 1965),
       (52,"Hugh", "Jackman", 1968),
       (53,"James", "McAvoy", 1979),
       (54,"Michael", "Fassbender", 1977),
       (55,"Jennifer", "Lawrence", 1990),
       (56,"Halle", "Berry", 1966),
       (57,"Nicholas", "Hoult", 1989),
       (58,"Anna", "Paquin", 1982),
       (59,"Ellen", "Page", 1987),
       (60,"Peter", "Dinklage", 1969),
       (61,"Elizabeth", "Reaser", 1975),
       (62,"Henry", "Thomas", 1971),
       (63,"Doug", "Jones", 1960),
       (64,"Kate", "Siegel", 1982),
       (65,"Denzel", "Washington", 1954),
       (66,"Marton", "Csokas", 1966),
       (67,"David", "Harbour", 1975),
       (68,"Haley", "Bennett", 1988),
       (69,"Bill", "Pullman", 1953),
       (70,"Melissa", "Leo", 1960),
       (71,"David", "Meunier", 1973),
       (72,"Angelina", "Jolie", 1975),
       (73,"Elle", "Fanning", 1998),
       (74,"Sharlto", "Copley", 1973),
       (75,"Lesley", "Manville", 1956),
       (76,"Imelda", "Staunton", 1956),
       (77,"Juno", "Temple", 1989),
       (78,"Sam", "Riley", 1980),
       (79,"Brenton", "Thwaites", 1989),
       (80,"Kenneth", "Cranham", 1944),
       (81,"Miles", "Teller", 1987),
       (82,"J.K.", "Simmons", 1955),
       (83,"Paul", "Reiser", 1957),
       (84,"Melissa", "Benoist", 1988),
       (85,"Chris", "Mulkey", 1948),
       (86,"Brad", "Pitt", 1963),
       (87,"Shia", "LaBeouf", 1986),
       (88,"Logan", "Lerman", 1992),
       (89,"Jon", "Bernthal", 1976),
       (90,"Jim", "Parrack", 1981),
       (91,"Brad", "William Henke", 1966),
       (92,"Xavier", "Samuel", 1983),
       (93,"Colin", "Firth", 1960),
       (94,"Mark", "Strong", 1963),
       (95,"Jonno", "Davies", 1992),
       (96,"Jack", "Davenport", 1973),
       (97,"Samantha", "Womack", 1972),
       (98,"Mark", "Hamill", 1951),
       (99,"Velibor", "Topic", 1970),
       (100,"Keir", "Gilchrist", 1992),
       (101,"Maika", "Monroe", 1993),
       (102,"Lili", "Sepe", 1997),
       (103,"Olivia", "Luccardi", 1989),
       (104,"Tom", "Cruise", 1962),
       (105,"Emily", "Blunt", 1983),
       (106,"Brendan", "Gleeson", 1955),
       (107,"Bill", "Paxton", 1955),
       (108,"Jonas", "Armstrong", 1981),
       (109,"Tony", "Way", 1978),
       (110,"Kick", "Gurry", 1978),
       (111,"Franz", "Drameh", 1993),
       (112,"Eddie", "Redmayne", 1982),
       (113,"Felicity", "Jones", 1983),
       (114,"Harry", "Lloyd", 1983),
       (115,"Alice", "Orr-Ewing", 1989),
       (116,"David", "Thewlis", 1963),
       (117,"Thomas", "Morrison", 1983),
       (118,"Essie", "Davis", 1970),
       (119,"Hayley", "McElhinney", 1974),
       (120,"Daniel", "Henshall", 1982),
       (121,"Shailene", "Woodley", 1991),
       (122,"Theo", "James", 1984),
       (123,"Ashley", "Judd", 1968),
       (124,"Jai", "Courtney", 1986),
       (125,"Ray", "Stevenson", 1964),
       (126,"Miles", "Teller", 1987),
       (127,"Tony", "Goldwyn", 1960),
       (128,"Ansel", "Elgort", 1994),
       (129,"Mickey", "Rourke", 1952),
       (130,"Jessica", "Alba", 1981),
       (131,"Josh", "Brolin", 1968),
       (132,"Joseph", "Gordon-Levitt", 1981),
       (133,"Rosario", "Dawson", 1979),
       (134,"Bruce", "Willis", 1955),
       (135,"Eva", "Green", 1980),
       (136,"Powers", "Boothe", 1948),
       (137,"Dennis", "Haysbert", 1954),
       (138,"Aaron", "Paul", 1979),
       (139,"Dominic", "Cooper", 1978),
       (140,"Imogen", "Poots", 1989),
       (141,"Scott", "Mescudi", 1984),
       (142,"Rami", "Malek", 1981),
       (143,"Ramon", "Rodriguez", 1979),
       (144,"Dakota", "Johnson", 1989),
       (145,"Stevie", "Ray Dallimore", 1967),
       (146,"Andrew", "Garfield", 1983),
       (147,"Emma", "Stone", 1988),
       (148,"Jamie", "Foxx", 1967),
       (149,"Dane", "DeHaan", 1986),
       (150,"Colm", "Feore", 1958),
       (151,"Felicity", "Jones", 1983),
       (152,"Paul", "Giamatti", 1967),
       (153,"Sally", "Field", 1946),
       (154,"Embeth", "Davidtz", 1965),
       (155,"Luke", "Evans", 1979),
       (156,"Sarah", "Gadon", 1987),
       (157,"Dominic", "Cooper", 1978),
       (158,"Art", "Parkinson", 2001),
       (159,"Charles", "Dance", 1946),
       (160,"Paul", "Kaye", 1965),
       (161,"William", "Houston", 1968),
       (162,"Noah", "Huntley", 1974),
       (163,"Diego", "Luna", 1979),
       (164,"Zoe", "Saldana", 1978),
       (165,"Channing", "Tatum", 1980),
       (166,"Ron", "Perlman", 1950),
       (167,"Christina", "Applegate", 1971),
       (168,"Ice", "Cube", 1969),
       (169,"Kate", "del Castillo", 1972),
       (170,"Hector", "Elizondo", 1936),
       (171,"Danny", "Trejo", 1944),
       (172,"Frank", "Grillo", 1965),
       (173,"Carmen", "Ejogo", 1973),
       (174,"Zach", "Gilford", 1982),
       (175,"Kiele", "Sanchez", 1977),
       (176,"Justina", "Machado", 1972),
       (177,"John", "Beasley", 1943),
       (178,"Noel", "Gugliemi", 1970),
       (179,"Chris", "Evans", 1981),
       (180,"Samuel", "L. Jackson", 1948),
       (181,"Scarlett", "Johansson", 1984),
       (182,"Robert", "Redford", 1936),
       (183,"Sebastian", "Stan", 1982),
       (184,"Anthony", "Mackie", 1978),
       (185,"Cobie", "Smulders", 1982),
       (186,"Frank", "Grillo", 1965),
       (187,"Mark", "Wahlberg", 1971),
       (188,"Stanley", "Tucci", 1960),
       (189,"Kelsey", "Grammer", 1955),
       (190,"Nicola", "Peltz", 1995),
       (191,"Jack", "Reynor", 1992),
       (192,"Titus", "Welliver", 1961),
       (193,"Sophia", "Myles", 1980),
       (194,"Bingbing", "Li", 1973),
       (195,"T.J.", "Miller", 1981),
       (196,"Megan", "Fox", 1986),
       (197,"Will", "Arnett", 1970),
       (198,"William", "Fichtner", 1956),
       (199,"Alan", "Ritchson", 1984),
       (200,"Noel", "Fisher", 1984),
       (201,"Pete", "Ploszek", 1987),
       (202,"Johnny", "Knoxville", 1971),
       (203,"Jeremy", "Howard", 1981),
       (204,"Danny", "Woodburn", 1964),
       (205,"Tom", "Ellis", 1978),
       (206,"Lauren", "German", 1978),
       (207,"Kevin", "Alejandro", 1976),
       (208,"D.B.", "Woodside", 1969),
       (209,"Rachael", "Harris", 1968),
       (210,"Tricia", "Helfer", 1974),
       (211,"Aimee", "Garcia", 1978),
       (212,"Ian", "McKellen", 1939),
       (213,"Martin", "Freeman", 1971),
       (214,"Richard", "Armitage", 1971),
       (215,"Ken", "Stott", 1955),
       (216,"Graham", "McTavish", 1961),
       (217,"James", "Nesbitt", 1965),
       (218,"Dean", "O'Gorman", 1976),
       (219,"Laura", "Allen", 1974),
       (220,"Peter", "Stormare", 1953),
       (221,"Christian", "Distefano", 2005),
       (222,"Elizabeth", "Whitmere", 1981),
       (223,"Michael", "Keaton", 1951),
       (224,"Emma", "Stone", 1988),
       (225,"Zach", "Galifianakis", 1969),
       (226,"Naomi", "Watts", 1968),
       (227,"Andrea", "Riseborough", 1981),
       (228,"Bruce", "Campbell", 1958),
       (229,"Ellen", "Sandweiss", 1958),
       (230,"Betsy", "Baker", 1955),
       (231,"Theresa", "Tilly", 1953),
       (232,"Jeff", "Bridges", 1949),
       (233,"Meryl", "Streep", 1949),
       (234,"Brenton", "Thwaites", 1989),
       (235,"Katie", "Holmes", 1978),
       (236,"Odeya", "Rush", 1997),
       (237,"Cameron", "Monaghan", 1993),
       (238,"Taylor", "Swift", 1989),
       (239,"Jemaine", "Clement", 1974),
       (240,"Taika", "Waititi", 1975),
       (241,"Hiroki", "Hasegawa", 1977),
       (242,"Yutaka", "Takenouchi", 1971),
       (243,"Satomi", "Ishihara", 1986),
       (244,"Ren", "Ohsugi", 1951),
       (245,"Akira", "Emoto", 1948),
       (246,"Mikako", "Ichikawa", 1978),
       (247,"Jun", "Kunimura", 1955),
       (248,"Pierre", "Taki", 1967),
       (249,"Dylan", "O'Brien", 1991),
       (250,"Aml", "Ameen", 1985),
       (251,"Thomas", "Brodie-Sangster", 1990),
       (252,"Will", "Poulter", 1993),
       (253,"Kaya", "Scodelario", 1992),
       (254,"Chris", "Sheffield", 1988),
       (255,"Jake", "Gyllenhaal", 1980),
       (256,"Michael", "Papajohn", 1964),
       (257,"Bill", "Paxton", 1955),
       (258,"James", "Huang", 1977),
       (259,"Kent", "Shocknek", 1956),
       (260,"Sharon", "Tay", 1966),
       (261,"Shailene", "Woodley", 1991),
       (262,"Ansel", "Elgort", 1994),
       (263,"Nat", "Wolff", 1994),
       (264,"Laura", "Dern", 1967),
       (265,"Sam", "Trammell", 1969),
       (266,"Willem", "Dafoe", 1955),
       (267,"Lotte", "Verbeek", 1982),
       (268,"Randy", "Kovitz", 1955),
       (269,"Dwayne", "Johnson", 1972),
       (270,"Ian", "McShane", 1942),
       (271,"John", "Hurt", 1940),
       (272,"Rufus", "Sewell", 1967),
       (273,"Aksel", "Hennie", 1975),
       (274,"Reece", "Ritchie", 1986),
       (275,"Joseph", "Fiennes", 1970),
       (276,"Tobias", "Santelmann", 1980),
       (277,"Seth", "Rogen", 1982),
       (278,"Rose", "Byrne", 1979),
       (279,"Brian", "Huskey", 1968),
       (280,"Ike", "Barinholtz", 1977),
       (281,"Carla", "Gallo", 1975),
       (282,"Zac", "Efron", 1987),
       (283,"Dave", "Franco", 1985),
       (284,"Sylvester", "Stallone", 1946),
       (285,"Jason", "Statham", 1967),
       (286,"Harrison", "Ford", 1942),
       (287,"Arnold", "Schwarzenegger", 1947),
       (288,"Mel", "Gibson", 1956),
       (289,"Wesley", "Snipes", 1962),
       (290,"Dolph", "Lundgren", 1957),
       (291,"Randy", "Couture", 1963),
       (292,"Terry", "Crews", 1968),
       (293,"Will", "Arnett", 1970),
       (294,"Elizabeth", "Banks", 1974),
       (295,"Alison", "Brie", 1982),
       (296,"Anthony", "Daniels", 1946),
       (297,"Charlie", "Day", 1976),
       (298,"Keith", "Ferguson", 1972),
       (299,"Lily", "Collins", 1989),
       (300,"Sam", "Claflin", 1986),
       (301,"Christian", "Cooke", 1987),
       (302,"Jaime", "Winstone", 1985),
       (303,"Suki", "Waterhouse", 1992),
       (304,"Tamsin", "Egerton", 1988),
       (305,"Jamie", "Beamish", 1976),
       (306,"Lorcan", "Cranitch", 1959),
       (307,"Ellar", "Coltrane", 1994),
       (308,"Patricia", "Arquette", 1968),
       (309,"Lorelei", "Linklater", 1994),
       (310,"Ethan", "Hawke", 1970),
       (311,"Bradley", "Cooper", 1975),
       (312,"Kyle", "Gallner", 1986),
       (313,"Ben", "Reed", 1965),
       (314,"Keir", "O'Donnell", 1978),
       (315,"Scott", "Adsit", 1965),
       (316,"Daniel", "Henney", 1979),
       (317,"T.J.", "Miller", 1981),
       (318,"Jamie", "Chung", 1983),
       (319,"Damon", "Wayans Jr.", 1982),
       (320,"Genesis", "Rodriguez", 1987),
       (321,"James", "Cromwell", 1940),
       (322,"Alan", "Tudyk", 1971),
       (323,"Jennifer", "Lawrence", 1990),
       (324,"Josh", "Hutcherson", 1992),
       (325,"Liam", "Hemsworth", 1990),
       (326,"Woody", "Harrelson", 1961),
       (327,"Donald", "Sutherland", 1935),
       (328,"Philip", "Seymour Hoffman", 1967),
       (329,"Julianne", "Moore", 1960),
       (330,"Willow", "Shields", 2000),
       (331,"Sam", "Claflin", 1986),
       (332,"Russell", "Crowe", 1964),
       (333,"Jennifer", "Connelly", 1970),
       (334,"Ray", "Winstone", 1957),
       (335,"Anthony", "Hopkins", 1937),
       (336,"Emma", "Watson", 1990),
       (337,"Logan", "Lerman", 1992),
       (338,"Douglas", "Booth", 1992),
       (339,"Nick", "Nolte", 1941),
       (340,"Mark", "Margolis", 1939),
       (341,"Ethan", "Hawke", 1970),
       (342,"Jack", "O'Connell", 1990),
       (343,"Domhnall", "Gleeson", 1983),
       (344,"Garrett", "Hedlund", 1984),
       (345,"Finn", "Wittrock", 1984),
       (346,"Jai", "Courtney", 1986),
       (347,"Vincenzo", "Amato", 1966),
       (348,"Amy", "Adams", 1974),
       (349,"Christoph", "Waltz", 1956),
       (350,"Danny", "Huston", 1962),
       (351,"Krysten", "Ritter", 1981),
       (352,"Jason", "Schwartzman", 1980),
       (353,"Terence", "Stamp", 1938),
       (354,"Jon", "Polito", 1950),
       (355,"Madeleine", "Arthur", 1997),
       (356,"Michael", "Pitt", 1981),
       (357,"Steven", "Yeun", 1983),
       (358,"Brit", "Marling", 1982),
       (359,"Charles", "Woods Gray", 1949),
       (360,"Joanna", "Newsom", 1982),
       (361,"Katherine", "Waterston", 1980),
       (362,"Joaquin", "Phoenix", 1974),
       (363,"Jeannie", "Berlin", 1949),
       (364,"Josh", "Brolin", 1968),
       (365,"Eric", "Roberts", 1956),
       (366,"Serena", "Scott Thomas", 1961),
       (367,"Rita", "Cortese", 1949),
       (368,"Julieta", "Zylberberg", 1983),
       (369,"Leonardo", "Sbaraglia", 1970),
       (370,"Jill", "Larson", 1947),
       (371,"Anne", "Ramsay", 1960),
       (372,"Michelle", "Ang", 1983),
       (373,"Brett", "Gentile", 1973),
       (374,"Ryan", "Cutrona", 1949),
       (375,"Anne", "Bedian", 1972),
       (376,"Sullivan", "Stapleton", 1977),
       (377,"Eva", "Green", 1980),
       (378,"Lena", "Headey", 1973),
       (379,"Hans", "Matheson", 1975),
       (380,"Callan", "Mulvey", 1975),
       (381,"David", "Wenham", 1965),
       (382,"Rodrigo", "Santoro", 1975),
       (383,"Jack", "O'Connell", 1990),
       (384,"Andrew", "Tiernan", 1965),
       (385,"Jonah", "Hill", 1983),
       (386,"Channing", "Tatum", 1980),
       (387,"Peter", "Stormare", 1953),
       (388,"Wyatt", "Russell", 1986),
       (389,"Amber", "Stevens West", 1986),
       (390,"Ice", "Cube", 1969),
       (391,"Michelle", "Monaghan", 1976),
       (392,"James", "Marsden", 1973),
       (393,"Liana", "Liberato", 1995),
       (394,"Gerald", "McRaney", 1947),
       (395,"Caroline", "Goodall", 1959),
       (396,"Clarke", "Peters", 1952),
       (397,"Sebastian", "Arcelus", 1976),
       (398,"Jon", "Tenney", 1961),
       (399,"Zoey", "Deutch", 1994),
       (400,"Danila", "Kozlovsky", 1985),
       (401,"Gabriel", "Byrne", 1950),
       (402,"Olga", "Kurylenko", 1979),
       (403,"Sarah", "Hyland", 1990),
       (404,"Cameron", "Monaghan", 1993),
       (405,"Sami", "Gayle", 1996),
       (406,"Jeff", "Bridges", 1949),
       (407,"Ben", "Barnes", 1981),
       (408,"Julianne", "Moore", 1960),
       (409,"Alicia", "Vikander", 1988),
       (410,"Antje", "Traue", 1981),
       (411,"Olivia", "Williams", 1968),
       (412,"Kit", "Harington", 1986),
       (413,"Djimon", "Hounsou", 1964),
       (414,"Eric", "Bana", 1968),
       (415,"Olivia", "Munn", 1980),
       (416,"Chris", "Coy", 1986),
       (417,"Dorian", "Missick", 1976),
       (418,"Sean", "Harris", 1966),
       (419,"Joel", "McHale", 1971),
       (420,"Mike", "Houston", 1976),
       (421,"Andy", "Serkis", 1964),
       (422,"Jason", "Clarke", 1969),
       (423,"Gary", "Oldman", 1958),
       (424,"Keri", "Russell", 1976),
       (425,"Toby", "Kebbell", 1982),
       (426,"Kodi", "Smit-McPhee", 1996),
       (427,"Kirk", "Acevedo", 1971),
       (428,"Christian", "Bale", 1974),
       (429,"Joel", "Edgerton", 1974),
       (430,"John", "Turturro", 1957),
       (431,"Aaron", "Paul", 1979),
       (432,"Ben", "Mendelsohn", 1969),
       (433,"Sigourney", "Weaver", 1949),
       (434,"Ben", "Kingsley", 1943),
       (435,"Annabelle", "Wallis", 1984),
       (436,"Ward", "Horton", 1976),
       (437,"Tony", "Amendola", 1951),
       (438,"Alfre", "Woodard", 1952),
       (439,"Eric", "Ladin", 1978),
       (440,"Ivar", "Brogger", 1947),
       (441,"Karl", "Urban", 1972),
       (442,"James", "Marsden", 1973),
       (443,"Wentworth", "Miller", 1972),
       (444,"Eric", "Stonestreet", 1971),
       (445,"Matthias", "Schoenaerts", 1977),
       (446,"Isabel", "Lucas", 1985),
       (447,"Rachael", "Taylor", 1984),
       (448,"Rhona", "Mitra", 1976),
       (449,"Valerie", "Cruz", 1976),
       (450,"Michael", "Parks", 1940),
       (451,"Justin", "Long", 1978),
       (452,"Genesis", "Rodriguez", 1987),
       (453,"Haley", "Joel Osment", 1988),
       (454,"Johnny", "Depp", 1963),
       (455,"Ralph", "Garman", 1964),
       (456,"Jennifer", "Schwalbach Smith", 1971),
       (457,"Harley", "Quinn Smith", 1999),
       (458,"James", "Franco", 1978),
       (459,"Seth", "Rogen", 1982),
       (460,"Lizzy", "Caplan", 1982),
       (461,"Timothy", "Simons", 1978),
       (462,"Ryan", "Reynolds", 1976),
       (463,"Gemma", "Arterton", 1986),
       (464,"Anna", "Kendrick", 1985),
       (465,"Jacki", "Weaver", 1947),
       (466,"Ella", "Smith", 1983),
       (467,"Sam", "Spruell", 1977),
       (468,"Aaron", "Eckhart", 1968),
       (469,"Yvonne", "Strahovski", 1982),
       (470,"Miranda", "Otto", 1967),
       (471,"Bill", "Nighy", 1949),
       (472,"Jai", "Courtney", 1986),
       (473,"Aden", "Young", 1972),
       (474,"Caitlin", "Stasey", 1990),
       (475,"Mahesh", "Jadu", 1982),
       (476,"Robert", "Downey Jr.", 1965),
       (477,"Robert", "Duvall", 1931),
       (478,"Vera", "Farmiga", 1973),
       (479,"Billy", "Bob Thornton", 1955),
       (480,"Vincent", "D'Onofrio", 1959),
       (481,"Dax", "Shepard", 1975),
       (482,"Leighton", "Meester", 1986),
       (483,"Ken", "Howard", 1944),
       (484,"Bradley", "Cooper", 1975),
       (485,"Sienna", "Miller", 1981),
       (486,"Riccardo", "Scamarcio", 1979),
       (487,"Omar", "Sy", 1978),
       (488,"Henry", "Goodman", 1950),
       (489,"Matthew", "Rhys", 1974),
       (490,"Stephen", "Campbell Moore", 1979),
       (491,"Mireille", "Enos", 1975),
       (492,"Jamie", "Blackley", 1991),
       (493,"Joshua", "Leonard", 1975),
       (494,"Liana", "Liberato", 1995),
       (495,"Stacy", "Keach", 1941),
       (496,"Gabrielle", "Rose", 1954),
       (497,"Jakob", "Davies", 2003),
       (498,"Perdita", "Weeks", 1985),
       (499,"Ben", "Feldman", 1980),
       (500,"Edwin", "Hodge", 1985),
       (501,"Kevin", "Costner", 1955),
       (502,"Amber", "Heard", 1986),
       (503,"Hailee", "Steinfeld", 1996),
       (504,"Connie", "Nielsen", 1965),
       (505,"Richard", "Sammel", 1960),
       (506,"Chris", "Evans", 1981),
       (507,"Alice", "Eve", 1982),
       (508,"Emma", "Fitzpatrick", 1985),
       (509,"John", "Cullum", 1930),
       (510,"Mark", "Kassen", 1971),
       (511,"Daniel", "Spink", 1979),
       (512,"Liam", "Neeson", 1952),
       (513,"Julianne", "Moore", 1960),
       (514,"Scoot", "McNairy", 1977),
       (515,"Michelle", "Dockery", 1981),
       (516,"Nate", "Parker", 1979),
       (517,"Corey", "Stoll", 1976),
       (518,"Lupita", "Nyong'o", 1983),
       (519,"Omar", "Metwally", 1974),
       (520,"Jason", "Butler Harner", 1970),
       (521,"Zac", "Efron", 1987),
       (522,"Miles", "Teller", 1987),
       (523,"Michael", "B. Jordan", 1987),
       (524,"Imogen", "Poots", 1989),
       (525,"Mackenzie", "Davis", 1987),
       (526,"Jessica", "Lucas", 1985),
       (527,"Addison", "Timlin", 1991),
       (528,"Josh", "Pais", 1964),
       (529,"Vincent", "Price", 1911),
       (530,"Adam", "Sandler", 1966),
       (531,"Drew", "Barrymore", 1975),
       (532,"Kevin", "Nealon", 1953),
       (533,"Terry", "Crews", 1968),
       (534,"Wendi", "McLendon-Covey", 1969),
       (535,"Bella", "Thorne", 1997),
       (536,"Dan", "Stevens", 1982),
       (537,"Maika", "Monroe", 1993),
       (538,"Brendan", "Meyer", 1994),
       (539,"Sheila", "Kelley", 1961),
       (540,"Leland", "Orser", 1960),
       (541,"Lance", "Reddick", 1962),
       (542,"Chase", "Williamson", 1988),
       (543,"Joel", "David Moore", 1977),
       (544,"Cameron", "Diaz", 1972),
       (545,"Leslie", "Mann", 1972),
       (546,"Nikolaj", "Coster-Waldau", 1970),
       (547,"Don", "Johnson", 1949),
       (548,"Kate", "Upton", 1992),
       (549,"Taylor", "Kinney", 1981),
       (550,"Nicki", "Minaj", 1982),
       (551,"Nicolas", "Cage", 1964),
       (552,"Chad", "Michael Murray", 1981),
       (553,"Cassi", "Thomson", 1993),
       (554,"Jordin", "Sparks", 1989),
       (555,"Lea", "Thompson", 1961),
       (556,"Gary", "Grubbs", 1949),
       (557,"Quinton", "Aaron", 1984),
       (558,"Martin", "Klebba", 1969),
       (559,"Jamie", "Foxx", 1967),
       (560,"Rose", "Byrne", 1979),
       (561,"Bobby", "Cannavale", 1970),
       (562,"Adewale", "Akinnuoye-Agbaje", 1967),
       (563,"David", "Zayas", 1962),
       (564,"Cameron", "Diaz", 1972),
       (565,"Nicolette", "Pierini", 2003),
       (566,"Heather", "Sossaman", 1987),
       (567,"Courtney", "Halverson", 1989),
       (568,"Shelley", "Hennig", 1987),
       (569,"Will", "Peltz", 1986),
       (570,"Renee", "Olstead", 1989),
       (571,"Mark", "Wahlberg", 1971),
       (572,"George", "Kennedy", 1925),
       (573,"Jessica", "Lange", 1949),
       (574,"Brie", "Larson", 1989),
       (575,"Michael", "Kenneth Williams", 1966),
       (576,"Mads", "Mikkelsen", 1965),
       (577,"Eva", "Green", 1980),
       (578,"Jeffrey", "Dean Morgan", 1966),
       (579,"Eric", "Cantona", 1966),
       (580,"Mikael", "Persbrandt", 1963),
       (581,"Douglas", "Henshall", 1965),
       (582,"Michael", "Raymond-James", 1977),
       (583,"Jonathan", "Pryce", 1947),
       (584,"Seth", "MacFarlane", 1973),
       (585,"Charlize", "Theron", 1975),
       (586,"Amanda", "Seyfried", 1985),
       (587,"Liam", "Neeson", 1952),
       (588,"Giovanni", "Ribisi", 1974),
       (589,"Neil", "Patrick Harris", 1973),
       (590,"Sarah", "Silverman", 1970),
       (591,"Wes", "Studi", 1947),
       (592,"Alicia", "Vikander", 1988),
       (593,"Taron", "Egerton", 1989),
       (594,"Colin", "Morgan", 1986),
       (595,"Dominic", "West", 1969),
       (596,"Emily", "Watson", 1967),
       (597,"Kit", "Harington", 1986),
       (598,"Joanna", "Scanlan", 1961),
       (599,"Miranda", "Richardson", 1958),
       (600,"Sam", "Neill", 1947),
       (601,"Rima", "Te Wiata", 1963),
       (602,"Johnny", "Depp", 1963),
       (603,"Rebecca", "Hall", 1982),
       (604,"Paul", "Bettany", 1971),
       (605,"Cillian", "Murphy", 1976),
       (606,"Kate", "Mara", 1983),
       (607,"Cole", "Hauser", 1975),
       (608,"Morgan", "Freeman", 1937),
       (609,"Clifton", "Collins Jr.", 1970),
       (610,"Cory", "Hardrict", 1979),
       (611,"Cameron", "Diaz", 1972),
       (612,"Jason", "Segel", 1980),
       (613,"Rob", "Corddry", 1971),
       (614,"Ellie", "Kemper", 1980),
       (615,"Rob", "Lowe", 1964),
       (616,"Nancy", "Lenehan", 1953),
       (617,"Jessica", "Sula", 1994),
       (618,"Lucien", "Laviscount", 1992),
       (619,"Naomi", "Ryan", 1977),
       (620,"Asa", "Butterfield", 1997),
       (621,"Rafe", "Spall", 1983),
       (622,"Sally", "Hawkins", 1976),
       (623,"Eddie", "Marsan", 1968),
       (624,"Martin", "McCann", 1983),
       (625,"Jake", "Davies", 1993),
       (626,"Mark", "Duplass", 1976),
       (627,"Tom", "Hardy", 1977),
       (628,"Noomi", "Rapace", 1979),
       (629,"James", "Gandolfini", 1961),
       (630,"Matthias", "Schoenaerts", 1977),
       (631,"John", "Ortiz", 1968),
       (632,"Elizabeth", "Rodriguez", 1980),
       (633,"Michael", "Esper", 1976),
       (634,"Susanne", "Wuest", 1979),
       (635,"Kate", "Beckinsale", 1973),
       (636,"Jim", "Sturgess", 1978),
       (637,"David", "Thewlis", 1963),
       (638,"Brendan", "Gleeson", 1955),
       (639,"Ben", "Kingsley", 1943),
       (640,"Michael", "Caine", 1933),
       (641,"Jason", "Flemyng", 1966),
       (642,"Jason", "Bateman", 1969),
       (643,"Jason", "Sudeikis", 1975),
       (644,"Charlie", "Day", 1976),
       (645,"Jennifer", "Aniston", 1969),
       (646,"Kevin", "Spacey", 1959),
       (647,"Jamie", "Foxx", 1967),
       (648,"Chris", "Pine", 1980),
       (649,"Christoph", "Waltz", 1956),
       (650,"Jonathan", "Banks", 1947),
       (651,"Chris", "Pine", 1980),
       (652,"Keira", "Knightley", 1985),
       (653,"Kevin", "Costner", 1955),
       (654,"Kenneth", "Branagh", 1960),
       (655,"Lenn", "Kudrjawizki", 1975),
       (656,"Peter", "Andersson", 1953),
       (657,"Elena", "Velikanova", 1984),
       (658,"Nonso", "Anozie", 1979),
       (659,"Kate", "Mara", 1983),
       (660,"Shia", "LaBeouf", 1986),
       (661,"Jai", "Courtney", 1986),
       (662,"Clifton", "Collins Jr.", 1970),
       (663,"Gary", "Oldman", 1958),
       (664,"Jose", "Pablo Cantillo", 1979),
       (665,"Harrison", "Ford", 1942),
       (666,"Mark", "Hamill", 1951),
       (667,"Carrie", "Fisher", 1956),
       (668,"Adam", "Driver", 1983),
       (669,"Daisy", "Ridley", 1992),
       (670,"John", "Boyega", 1992),
       (671,"Oscar", "Isaac", 1979),
       (672,"Lupita", "Nyong'o", 1983),
       (673,"Andy", "Serkis", 1964),
       (674,"Leonardo", "DiCaprio", 1974),
       (675,"Tom", "Hardy", 1977),
       (676,"Domhnall", "Gleeson", 1983),
       (677,"Will", "Poulter", 1993),
       (678,"Forrest", "Goodluck", 1998),
       (679,"Kristoffer", "Joner", 1972),
       (680,"Jennifer", "Lawrence", 1990),
       (681,"Robert", "De Niro", 1943),
       (682,"Bradley", "Cooper", 1975),
       (683,"Diane", "Ladd", 1935),
       (684,"Virginia", "Madsen", 1961),
       (685,"Isabella", "Rossellini", 1952),
       (686,"Daniel", "Craig", 1968),
       (687,"Christoph", "Waltz", 1956),
       (688,"Ralph", "Fiennes", 1962),
       (689,"Monica", "Bellucci", 1964),
       (690,"Ben", "Whishaw", 1980),
       (691,"Naomie", "Harris", 1976),
       (692,"Dave", "Bautista", 1969),
       (693,"Andrew", "Scott", 1976),
       (694,"Anya", "Taylor-Joy", 1996),
       (695,"Ralph", "Ineson", 1969),
       (696,"Kate", "Dickie", 1971),
       (697,"Julian", "Richings", 1955),
       (698,"Sarah", "Stephens", 1990),
       (699,"Ryan", "Gosling", 1980),
       (700,"Charlie", "Talbert", 1978),
       (701,"Christian", "Bale", 1974),
       (702,"Chris", "Pratt", 1979),
       (703,"Bryce", "Dallas Howard", 1981),
       (704,"Irrfan", "Khan", 1967),
       (705,"Vincent", "D'Onofrio", 1959),
       (706,"Nick", "Robinson", 1995),
       (707,"Jake", "Johnson", 1978),
       (708,"Omar", "Sy", 1978),
       (709,"BD", "Wong", 1960),
       (710,"Tom", "Hardy", 1977),
       (711,"Charlize", "Theron", 1975),
       (712,"Nicholas", "Hoult", 1989),
       (713,"Hugh", "Keays-Byrne", 1947),
       (714,"Josh", "Helman", 1986),
       (715,"Nathan", "Jones", 1969),
       (716,"Rosie", "Huntington-Whiteley", 1987),
       (717,"Riley", "Keough", 1989),
       (718,"Matt", "Damon", 1970),
       (719,"Jessica", "Chastain", 1977),
       (720,"Kristen", "Wiig", 1973),
       (721,"Jeff", "Daniels", 1955),
       (722,"Sean", "Bean", 1959),
       (723,"Kate", "Mara", 1983),
       (724,"Sebastian", "Stan", 1982),
       (725,"Aksel", "Hennie", 1975),
       (726,"Samuel", "L. Jackson", 1948),
       (727,"Kurt", "Russell", 1951),
       (728,"Jennifer", "Jason Leigh", 1962),
       (729,"Walton", "Goggins", 1971),
       (730,"Tim", "Roth", 1961),
       (731,"Michael", "Madsen", 1958),
       (732,"Bruce", "Dern", 1936),
       (733,"James", "Parks", 1968),
       (734,"Alicia", "Vikander", 1988),
       (735,"Eddie", "Redmayne", 1982),
       (736,"Amber", "Heard", 1986),
       (737,"Emerald", "Fennell", 1985),
       (738,"Claus", "Bue", 1947),
       (739,"Emily", "Blunt", 1983),
       (740,"Benicio", "Del Toro", 1967),
       (741,"Josh", "Brolin", 1968),
       (742,"Victor", "Garber", 1949),
       (743,"Jon", "Bernthal", 1976),
       (744,"Daniel", "Kaluuya", 1989),
       (745,"Jeffrey", "Donovan", 1968),
       (746,"Raoul", "Max Trujillo", 1955),
       (747,"Robert", "Downey Jr.", 1965),
       (748,"Chris", "Hemsworth", 1983),
       (749,"Mark", "Ruffalo", 1967),
       (750,"Chris", "Evans", 1981),
       (751,"Scarlett", "Johansson", 1984),
       (752,"Jeremy", "Renner", 1971),
       (753,"James", "Spader", 1960),
       (754,"Samuel", "L. Jackson", 1948),
       (755,"Don", "Cheadle", 1964),
       (756,"Mark", "Ruffalo", 1967),
       (757,"Michael", "Keaton", 1951),
       (758,"Rachel", "McAdams", 1978),
       (759,"Liev", "Schreiber", 1967),
       (760,"John", "Slattery", 1962),
       (761,"Brian", "d'Arcy James", 1968),
       (762,"Stanley", "Tucci", 1960),
       (763,"Elena", "Wohl", 1963),
       (764,"Brie", "Larson", 1989),
       (765,"Jacob", "Tremblay", 2006),
       (766,"Sean", "Bridgers", 1968),
       (767,"Wendy", "Crewson", 1956),
       (768,"Amanda", "Brugel", 1978),
       (769,"Joan", "Allen", 1956),
       (770,"Dakota", "Johnson", 1989),
       (771,"Jamie", "Dornan", 1982),
       (772,"Jennifer", "Ehle", 1969),
       (773,"Eloise", "Mumford", 1986),
       (774,"Victor", "Rasuk", 1984),
       (775,"Luke", "Grimes", 1984),
       (776,"Marcia", "Gay Harden", 1959),
       (777,"Rita", "Ora", 1990),
       (778,"Max", "Martini", 1969),
       (779,"Domhnall", "Gleeson", 1983),
       (780,"Corey", "Johnson", 1961),
       (781,"Oscar", "Isaac", 1979),
       (782,"Alicia", "Vikander", 1988),
       (783,"Roger", "Ashton-Griffiths", 1957),
       (784,"Jessica", "Barden", 1992),
       (785,"Olivia", "Colman", 1974),
       (786,"Colin", "Farrell", 1976),
       (787,"Sam", "Rockwell", 1968),
       (788,"Anna", "Kendrick", 1985),
       (789,"Tim", "Roth", 1961),
       (790,"James", "Ransone", 1979),
       (791,"Anson", "Mount", 1973),
       (792,"RZA", "", 1969),
       (793,"Tom", "Cruise", 1962),
       (794,"Jeremy", "Renner", 1971),
       (795,"Simon", "Pegg", 1970),
       (796,"Rebecca", "Ferguson", 1983),
       (797,"Ving", "Rhames", 1959),
       (798,"Sean", "Harris", 1966),
       (799,"Simon", "McBurney", 1957),
       (800,"Jingchu", "Zhang", 1980),
       (801,"Tom", "Hollander", 1967),
       (802,"Jennifer", "Lawrence", 1990),
       (803,"Josh", "Hutcherson", 1992),
       (804,"Liam", "Hemsworth", 1990),
       (805,"Woody", "Harrelson", 1961),
       (806,"Donald", "Sutherland", 1935),
       (807,"Philip", "Seymour Hoffman", 1967),
       (808,"Julianne", "Moore", 1960),
       (809,"Willow", "Shields", 2000),
       (810,"Sam", "Claflin", 1986),
       (811,"Hilary", "Swank", 1974),
       (812,"Gerard", "Butler", 1969),
       (813,"Lisa", "Kudrow", 1963),
       (814,"Gina", "Gershon", 1962),
       (815,"James", "Marsters", 1962),
       (816,"Kathy", "Bates", 1948),
       (817,"Harry", "Connick Jr.", 1967),
       (818,"Nellie", "McKay", 1982),
       (819,"Jeffrey", "Dean Morgan", 1966),
       (820,"Johnny", "Depp", 1963),
       (821,"Joel", "Edgerton", 1974),
       (822,"Benedict", "Cumberbatch", 1976),
       (823,"Dakota", "Johnson", 1989),
       (824,"Kevin", "Bacon", 1958),
       (825,"Peter", "Sarsgaard", 1971),
       (826,"Jesse", "Plemons", 1988),
       (827,"Rory", "Cochrane", 1972),
       (828,"David", "Harbour", 1975),
       (829,"Chris", "Hemsworth", 1983),
       (830,"Benjamin", "Walker", 1982),
       (831,"Cillian", "Murphy", 1976),
       (832,"Brendan", "Gleeson", 1955),
       (833,"Ben", "Whishaw", 1980),
       (834,"Tom", "Holland", 1996),
       (835,"Frank", "Dillane", 1991),
       (836,"Brad", "Pitt", 1963),
       (837,"Angelina", "Jolie", 1975),
       (838,"Melvil", "Poupaud", 1973),
       (839,"Niels", "Arestrup", 1949),
       (840,"Richard", "Bohringer", 1942),
       (841,"Marika", "Green", 1943),
       (842,"Keanu", "Reeves", 1964),
       (843,"Lorenza", "Izzo", 1989),
       (844,"Ana", "de Armas", 1988),
       (845,"Aaron", "Burns", 1985),
       (846,"Ignacia", "Allamand", 1981),
       (847,"Colleen", "Camp", 1953),
       (848,"Amy", "Poehler", 1971),
       (849,"Phyllis", "Smith", 1951),
       (850,"Richard", "Kind", 1956),
       (851,"Bill", "Hader", 1978),
       (852,"Lewis", "Black", 1948),
       (853,"Mindy", "Kaling", 1979),
       (854,"Diane", "Lane", 1965),
       (855,"Kyle", "MacLachlan", 1959),
       (856,"O'Shea", "Jackson Jr.", 1991),
       (857,"Corey", "Hawkins", 1988),
       (858,"Neil", "Brown Jr.", 1980),
       (859,"Aldis", "Hodge", 1986),
       (860,"Paul", "Rudd", 1969),
       (861,"Michael", "Douglas", 1944),
       (862,"Evangeline", "Lilly", 1979),
       (863,"Corey", "Stoll", 1976),
       (864,"Bobby", "Cannavale", 1970),
       (865,"Anthony", "Mackie", 1978),
       (866,"Judy", "Greer", 1975),
       (867,"Logan", "Marshall-Green", 1976),
       (868,"Emayatzy", "Corinealdi", 1980),
       (869,"Michelle", "Krusiec", 1974),
       (870,"Jordi", "Vilasuso", 1981),
       (871,"Marieh", "Delfino", 1977),
       (872,"Tammy", "Blanchard", 1976),
       (873,"Saoirse", "Ronan", 1994),
       (874,"Brid", "Brennan", 1955),
       (875,"Fiona", "Glascott", 1982),
       (876,"Mark", "Rylance", 1960),
       (877,"Domenick", "Lombardozzi", 1976),
       (878,"Tom", "Hanks", 1956),
       (879,"Joshua", "Harto", 1979),
       (880,"Cate", "Blanchett", 1969),
       (881,"Lily", "James", 1989),
       (882,"Richard", "Madden", 1986),
       (883,"Helena", "Bonham Carter", 1966),
       (884,"Nonso", "Anozie", 1979),
       (885,"Sophie", "McShera", 1985),
       (886,"Holliday", "Grainger", 1988),
       (887,"Derek", "Jacobi", 1938),
       (888,"Anton", "Yelchin", 1989),
       (889,"Joe", "Cole", 1988),
       (890,"Alia", "Shawkat", 1989),
       (891,"Mark", "Webber", 1980),
       (892,"Eric", "Edelstein", 1977),
       (893,"Michael", "Fassbender", 1977),
       (894,"Kate", "Winslet", 1975),
       (895,"Seth", "Rogen", 1982),
       (896,"Jeff", "Daniels", 1955),
       (897,"Michael", "Stuhlbarg", 1968),
       (898,"Katherine", "Waterston", 1980),
       (899,"Perla", "Haney-Jardine", 1997),
       (900,"Emjay", "Anthony", 2003),
       (901,"Adam", "Scott", 1973),
       (902,"Toni", "Collette", 1972),
       (903,"Stefania", "LaVie Owen", 1997),
       (904,"Krista", "Stadler", 1942),
       (905,"Conchata", "Ferrell", 1943),
       (906,"Allison", "Tolman", 1981),
       (907,"David", "Koechner", 1962),
       (908,"Vin", "Diesel", 1967),
       (909,"Paul", "Walker", 1973),
       (910,"Jason", "Statham", 1967),
       (911,"Michelle", "Rodriguez", 1978),
       (912,"Jordana", "Brewster", 1980),
       (913,"Tyrese", "Gibson", 1978),
       (914,"Ludacris", "", 1977),
       (915,"Dwayne", "Johnson", 1972),
       (916,"Lucas", "Black", 1982),
       (917,"Mia", "Wasikowska", 1989),
       (918,"Jessica", "Chastain", 1977),
       (919,"Tom", "Hiddleston", 1981),
       (920,"Charlie", "Hunnam", 1980),
       (921,"Jim", "Beaver", 1950),
       (922,"Burn", "Gorman", 1974),
       (923,"Leslie", "Hope", 1965),
       (924,"Doug", "Jones", 1960),
       (925,"Jonathan", "Hyde", 1948),
       (926,"Russell", "Crowe", 1964),
       (927,"Amanda", "Seyfried", 1985),
       (928,"Aaron", "Paul", 1979),
       (929,"Diane", "Kruger", 1976),
       (930,"Bruce", "Greenwood", 1956),
       (931,"Janet", "McTeer", 1961),
       (932,"Kylie", "Rogers", 2004),
       (933,"Jane", "Fonda", 1937),
       (934,"Arnold", "Schwarzenegger", 1947),
       (935,"Jason", "Clarke", 1969),
       (936,"Emilia", "Clarke", 1986),
       (937,"Jai", "Courtney", 1986),
       (938,"J.K.", "Simmons", 1955),
       (939,"Matt", "Smith", 1982),
       (940,"Courtney", "B. Vance", 1960),
       (941,"Byung-hun", "Lee", 1970),
       (942,"Victor", "Garber", 1949),
       (943,"Brandon", "Routh", 1979),
       (944,"Caity", "Lotz", 1986),
       (945,"Franz", "Drameh", 1993),
       (946,"Dominic", "Purcell", 1970),
       (947,"Arthur", "Darvill", 1982),
       (948,"Wentworth", "Miller", 1972),
       (949,"Jude", "Law", 1972),
       (950,"Melissa", "McCarthy", 1970),
       (951,"Miranda", "Hart", 1972),
       (952,"Helen", "Mirren", 1945),
       (953,"Aaron", "Paul", 1979),
       (954,"Jason", "Clarke", 1969),
       (955,"Thomas", "M. Wright", 1983),
       (956,"Martin", "Henderson", 1974),
       (957,"Tom", "Goodman-Hill", 1968),
       (958,"Jeremy", "Irons", 1948),
       (959,"Dev", "Patel", 1990),
       (960,"Malcolm", "Sinclair", 1950),
       (961,"Dhritiman", "Chatterjee", 1945),
       (962,"Stephen", "Fry", 1957),
       (963,"Olivia", "DeJonge", 1998),
       (964,"Ed", "Oxenbould", 2001),
       (965,"Deanna", "Dunagan", 1940),
       (966,"Peter", "McRobbie", 1943),
       (967,"Kathryn", "Hahn", 1973),
       (968,"Cate", "Blanchett", 1969),
       (969,"Rooney", "Mara", 1985),
       (970,"Kyle", "Chandler", 1965),
       (971,"Sarah", "Paulson", 1974),
       (972,"Kevin", "Crowley", 1958),
       (973,"Tia", "Mowry-Hardrict", 1978),
       (974,"Tamera", "Mowry-Housley", 1978),
       (975,"Tim", "Reid", 1944),
       (976,"Marques", "Houston", 1981),
       (977,"Robert", "De Niro", 1943),
       (978,"Anne", "Hathaway", 1982),
       (979,"Rene", "Russo", 1954),
       (980,"Andrew", "Rannells", 1978),
       (981,"Adam", "Devine", 1983),
       (982,"Jake", "Gyllenhaal", 1980),
       (983,"Naomi", "Watts", 1968),
       (984,"Chris", "Cooper", 1951),
       (985,"Polly", "Draper", 1955),
       (986,"Debra", "Monk", 1949),
       (987,"Heather", "Lind", 1983),
       (988,"Jack", "Black", 1969),
       (989,"Dylan", "Minnette", 1996),
       (990,"Odeya", "Rush", 1997),
       (991,"Ryan", "Lee", 1996),
       (992,"Amy", "Ryan", 1968),
       (993,"Halston", "Sage", 1993),
       (994,"Steven", "Krueger", 1989),
       (995,"Sharlto", "Copley", 1973),
       (996,"Danila", "Kozlovsky", 1985),
       (997,"Haley", "Bennett", 1988),
       (998,"Tim", "Roth", 1961),
       (999,"Svetlana", "Ustinova", 1982),
       (1000,"Darya", "Charusha", 1980),
       (1001,"Jeffrey", "Dean Morgan", 1966),
       (1002,"Yuri", "Zackoqv", 1993),
       (1003,"Jodelle", "Ferland", 1994),
       (1004,"Pascale", "Hutton", 1979),
       (1005,"Jonathan", "Whitesell", 1991),
       (1006,"Chanelle", "Peloso", 1994),
       (1007,"Rukiya", "Bernard", 1983),
       (1008,"Lochlyn", "Munro", 1966),
       (1009,"Colin", "Quinn", 1959),
       (1010,"Amy", "Schumer", 1981),
       (1011,"Josh", "Segarra", 1986),
       (1012,"Ryan", "Farrell", 1981),
       (1013,"Jim", "Florentine", 1964),
       (1014,"Robert", "Kelly", 1970),
       (1015,"Michael", "B. Jordan", 1987),
       (1016,"Sylvester", "Stallone", 1946),
       (1017,"Tessa", "Thompson", 1983),
       (1018,"Phylicia", "Rashad", 1948),
       (1019,"Andre", "Ward", 1984),
       (1020,"Tony", "Bellew", 1982),
       (1021,"Ritchie", "Coster", 1967),
       (1022,"Graham", "McTavish", 1961),
       (1023,"Jake", "Gyllenhaal", 1980),
       (1024,"Rachel", "McAdams", 1978),
       (1025,"Forest", "Whitaker", 1961),
       (1026,"Oona", "Laurence", 2002),
       (1027,"50", "Cent", 1975),
       (1028,"Naomie", "Harris", 1976),
       (1029,"Daniel", "Radcliffe", 1989),
       (1030,"Jessica", "Brown Findlay", 1989),
       (1031,"Bronson", "Webb", 1983),
       (1032,"James", "McAvoy", 1979),
       (1033,"Daniel", "Mays", 1978),
       (1034,"Spencer", "Wilding", 1972),
       (1035,"Andrew", "Scott", 1976),
       (1036,"Anna", "Kendrick", 1985),
       (1037,"Rebel", "Wilson", 1980),
       (1038,"Hailee", "Steinfeld", 1996),
       (1039,"Brittany", "Snow", 1986),
       (1040,"Skylar", "Astin", 1987),
       (1041,"Adam", "Devine", 1983),
       (1042,"Katey", "Sagal", 1954),
       (1043,"Anna", "Camp", 1982),
       (1044,"Ben", "Platt", 1993),
       (1045,"Emma", "Watson", 1990),
       (1046,"Michael", "Nyqvist", 1960),
       (1047,"Richenda", "Carey", 1948),
       (1048,"Vicky", "Krieps", 1983),
       (1049,"Julian", "Ovenden", 1976),
       (1050,"August", "Zirner", 1956),
       (1051,"Martin", "Wuttke", 1962),
       (1052,"Dwayne", "Johnson", 1972),
       (1053,"Carla", "Gugino", 1971),
       (1054,"Alexandra", "Daddario", 1986),
       (1055,"Ioan", "Gruffudd", 1973),
       (1056,"Archie", "Panjabi", 1972),
       (1057,"Paul", "Giamatti", 1967),
       (1058,"Art", "Parkinson", 2001),
       (1059,"Will", "Yun Lee", 1971),
       (1060,"Blake", "Lively", 1987),
       (1061,"Michiel", "Huisman", 1981),
       (1062,"Harrison", "Ford", 1942),
       (1063,"Ellen", "Burstyn", 1932),
       (1064,"Kathy", "Baker", 1950),
       (1065,"Amanda", "Crew", 1986),
       (1066,"Lynda", "Boyd", 1965),
       (1067,"Richard", "Harmon", 1991),
       (1068,"Ray", "Winstone", 1957),
       (1069,"Teresa", "Palmer", 1986),
       (1070,"Matias", "Varela", 1980),
       (1071,"Clemens", "Schick", 1972),
       (1072,"Tobias", "Santelmann", 1980),
       (1073,"Max", "Thieriot", 1988),
       (1074,"Delroy", "Lindo", 1952),
       (1075,"Ellen", "Page", 1987),
       (1076,"Evan", "Rachel Wood", 1987),
       (1077,"Max", "Minghella", 1985),
       (1078,"Callum", "Keith Rennie", 1960),
       (1079,"Wendy", "Crewson", 1956),
       (1080,"Adam", "Sandler", 1966),
       (1081,"Andy", "Samberg", 1978),
       (1082,"Selena", "Gomez", 1992),
       (1083,"Kevin", "James", 1965),
       (1084,"Steve", "Buscemi", 1957),
       (1085,"David", "Spade", 1964),
       (1086,"Keegan-Michael", "Key", 1971),
       (1087,"Fran", "Drescher", 1957),
       (1088,"Hugh", "Jackman", 1968),
       (1089,"Levi", "Miller", 2002),
       (1090,"Garrett", "Hedlund", 1984),
       (1091,"Rooney", "Mara", 1985),
       (1092,"Nonso", "Anozie", 1979),
       (1093,"Amanda", "Seyfried", 1985),
       (1094,"Kathy", "Burke", 1964),
       (1095,"Kate", "Winslet", 1975),
       (1096,"Liam", "Hemsworth", 1990),
       (1097,"Hugo", "Weaving", 1960),
       (1098,"Judy", "Davis", 1955),
       (1099,"Caroline", "Goodall", 1959),
       (1100,"Kerry", "Fox", 1966),
       (1101,"Rebecca", "Gibney", 1964),
       (1102,"Dylan", "O'Brien", 1991),
       (1103,"Kaya", "Scodelario", 1992),
       (1104,"Thomas", "Brodie-Sangster", 1990),
       (1105,"Alexander", "Flores", 1990),
       (1106,"Jacob", "Lofland", 1996),
       (1107,"Rosa", "Salazar", 1985),
       (1108,"Giancarlo", "Esposito", 1958),
       (1109,"Michael", "Caine", 1933),
       (1110,"Harvey", "Keitel", 1939),
       (1111,"Rachel", "Weisz", 1970),
       (1112,"Paul", "Dano", 1984),
       (1113,"Jane", "Fonda", 1937),
       (1114,"Ed", "Stoppard", 1974),
       (1115,"Alex", "Macqueen", 1974),
       (1116,"Madalina", "Diana Ghenea", 1988),
       (1117,"Ed", "Helms", 1974),
       (1118,"Christina", "Applegate", 1971),
       (1119,"Skyler", "Gisondo", 1996),
       (1120,"Chris", "Hemsworth", 1983),
       (1121,"Leslie", "Mann", 1972),
       (1122,"Chevy", "Chase", 1943),
       (1123,"Beverly", "D'Angelo", 1951),
       (1124,"Charlie", "Day", 1976),
       (1125,"Kurt", "Russell", 1951),
       (1126,"Patrick", "Wilson", 1973),
       (1127,"Matthew", "Fox", 1966),
       (1128,"Richard", "Jenkins", 1947),
       (1129,"Lili", "Simmons", 1993),
       (1130,"David", "Arquette", 1971),
       (1131,"Fred", "Melamed", 1956),
       (1132,"Sid", "Haig", 1939),
       (1133,"Tye", "Sheridan", 1996),
       (1134,"Logan", "Miller", 1992),
       (1135,"David", "Koechner", 1962),
       (1136,"Halston", "Sage", 1993),
       (1137,"Cloris", "Leachman", 1926),
       (1138,"Niki", "Koss", 1994),
       (1139,"Hiram", "A. Murray", 1981),
       (1140,"George", "Clooney", 1961),
       (1141,"Hugh", "Laurie", 1959),
       (1142,"Britt", "Robertson", 1990),
       (1143,"Tim", "McGraw", 1967),
       (1144,"Kathryn", "Hahn", 1973),
       (1145,"Keegan-Michael", "Key", 1971),
       (1146,"Chris", "Bauer", 1966),
       (1147,"Jason", "Bateman", 1969),
       (1148,"Rebecca", "Hall", 1982),
       (1149,"Joel", "Edgerton", 1974),
       (1150,"Allison", "Tolman", 1981),
       (1151,"Tim", "Griffin", 1969),
       (1152,"Busy", "Philipps", 1979),
       (1153,"Adam", "Lazarre-White", 1969),
       (1154,"Wendell", "Pierce", 1963),
       (1155,"Vin", "Diesel", 1967),
       (1156,"Rose", "Leslie", 1987),
       (1157,"Elijah", "Wood", 1981),
       (1158,"Rena", "Owen", 1962),
       (1159,"Julie", "Engelbrecht", 1984),
       (1160,"Michael", "Caine", 1933),
       (1161,"Joseph", "Gilgun", 1984),
       (1162,"Kate", "Winslet", 1975),
       (1163,"Jai", "Courtney", 1986),
       (1164,"Mekhi", "Phifer", 1974),
       (1165,"Shailene", "Woodley", 1991),
       (1166,"Theo", "James", 1984),
       (1167,"Ansel", "Elgort", 1994),
       (1168,"Miles", "Teller", 1987),
       (1169,"Justice", "Leak", 1979),
       (1170,"Mae", "Whitman", 1988),
       (1171,"Robbie", "Amell", 1988),
       (1172,"Bella", "Thorne", 1997),
       (1173,"Skyler", "Samuels", 1994),
       (1174,"Romany", "Malco", 1968),
       (1175,"Nick", "Eversman", 1986),
       (1176,"Chris", "Wylde", 1976),
       (1177,"Ken", "Jeong", 1969),
       (1178,"Jeffrey", "Wright", 1965),
       (1179,"Frances", "McDormand", 1957),
       (1180,"Raymond", "Ochoa", 2001),
       (1181,"Will", "Smith", 1968),
       (1182,"Margot", "Robbie", 1990),
       (1183,"Gerald", "McRaney", 1947),
       (1184,"Rodrigo", "Santoro", 1975),
       (1185,"BD", "Wong", 1960),
       (1186,"Brennan", "Brown", 1968),
       (1187,"Robert", "Taylor", 1963),
       (1188,"Mila", "Kunis", 1983),
       (1189,"Channing", "Tatum", 1980),
       (1190,"Sean", "Bean", 1959),
       (1191,"Eddie", "Redmayne", 1982),
       (1192,"Douglas", "Booth", 1992),
       (1193,"Tuppence", "Middleton", 1987),
       (1194,"Nikki", "Amuka-Bird", 1976),
       (1195,"Christina", "Cole", 1982),
       (1196,"Miles", "Teller", 1987),
       (1197,"Michael", "B. Jordan", 1987),
       (1198,"Kate", "Mara", 1983),
       (1199,"Jamie", "Bell", 1986),
       (1200,"Toby", "Kebbell", 1982),
       (1201,"Reg", "E. Cathey", 1958),
       (1202,"Tim", "Blake Nelson", 1964),
       (1203,"Dan", "Castellaneta", 1957),
       (1204,"Will", "Smith", 1968),
       (1205,"Alec", "Baldwin", 1958),
       (1206,"Albert", "Brooks", 1947),
       (1207,"Gugu", "Mbatha-Raw", 1983),
       (1208,"David", "Morse", 1953),
       (1209,"Arliss", "Howard", 1954),
       (1210,"Mike", "O'Malley", 1966),
       (1211,"Eddie", "Marsan", 1968),
       (1212,"Hill", "Harper", 1966),
       (1213,"Sareh", "Bayat", 1979),
       (1214,"Siamak", "Adib", 1974),
       (1215,"Nicholas", "Hoult", 1989),
       (1216,"Scott", "Lawrence", 1963),
       (1217,"Kristen", "Stewart", 1990),
       (1218,"Bel", "Powley", 1992),
       (1219,"David", "Selby", 1941),
       (1220,"Channing", "Tatum", 1980),
       (1221,"Juan", "Piedrahita", 1985),
       (1222,"Joe", "Manganiello", 1976),
       (1223,"Kevin", "Nash", 1959),
       (1224,"Gabriel", "Iglesias", 1976),
       (1225,"Matt", "Bomer", 1977),
       (1226,"Britt", "Robertson", 1990),
       (1227,"Scott", "Eastwood", 1986),
       (1228,"Alan", "Alda", 1936),
       (1229,"Jack", "Huston", 1982),
       (1230,"Oona", "Chaplin", 1986),
       (1231,"Melissa", "Benoist", 1988),
       (1232,"Lolita", "Davidovich", 1961),
       (1233,"Will", "Ferrell", 1967),
       (1234,"Mark", "Wahlberg", 1971),
       (1235,"Linda", "Cardellini", 1975),
       (1236,"Thomas", "Haden Church", 1960),
       (1237,"Bobby", "Cannavale", 1970),
       (1238,"Hannibal", "Buress", 1983),
       (1239,"Bill", "Burr", 1968),
       (1240,"Christian", "Bale", 1974),
       (1241,"Cate", "Blanchett", 1969),
       (1242,"Natalie", "Portman", 1981),
       (1243,"Brian", "Dennehy", 1938),
       (1244,"Antonio", "Banderas", 1960),
       (1245,"Freida", "Pinto", 1984),
       (1246,"Wes", "Bentley", 1978),
       (1247,"Isabel", "Lucas", 1985),
       (1248,"Teresa", "Palmer", 1986),
       (1249,"Adam", "Sandler", 1966),
       (1250,"Terry", "Crews", 1968),
       (1251,"Jorge", "Garcia", 1973),
       (1252,"Taylor", "Lautner", 1992),
       (1253,"Rob", "Schneider", 1963),
       (1254,"Luke", "Wilson", 1971),
       (1255,"Will", "Forte", 1970),
       (1256,"Steve", "Zahn", 1967),
       (1257,"Harvey", "Keitel", 1939),
       (1258,"Mark", "Wahlberg", 1971),
       (1259,"Seth", "MacFarlane", 1973),
       (1260,"Amanda", "Seyfried", 1985),
       (1261,"Giovanni", "Ribisi", 1974),
       (1262,"Morgan", "Freeman", 1937),
       (1263,"Sam", "J. Jones", 1954),
       (1264,"Patrick", "Warburton", 1964),
       (1265,"Michael", "Dorn", 1952),
       (1266,"Sandra", "Bullock", 1964),
       (1267,"Jon", "Hamm", 1971),
       (1268,"Michael", "Keaton", 1951),
       (1269,"Allison", "Janney", 1959),
       (1270,"Steve", "Coogan", 1965),
       (1271,"Jennifer", "Saunders", 1958),
       (1272,"Geoffrey", "Rush", 1951),
       (1273,"Steve", "Carell", 1962),
       (1274,"Michael", "Fassbender", 1977),
       (1275,"Marion", "Cotillard", 1975),
       (1276,"Paddy", "Considine", 1974),
       (1277,"Taissa", "Farmiga", 1994),
       (1278,"Malin", "Akerman", 1978),
       (1279,"Alexander", "Ludwig", 1992),
       (1280,"Nina", "Dobrev", 1989),
       (1281,"Alia", "Shawkat", 1989),
       (1282,"Thomas", "Middleditch", 1982),
       (1283,"Adam", "Devine", 1983),
       (1284,"Angela", "Trimbur", 1981),
       (1285,"Chloe", "Bridges", 1991),
       (1286,"Tilda", "Swinton", 1960),
       (1287,"Matthias", "Schoenaerts", 1977),
       (1288,"Ralph", "Fiennes", 1962),
       (1289,"Dakota", "Johnson", 1989),
       (1290,"Corrado", "Guzzanti", 1965),
       (1291,"Sharlto", "Copley", 1973),
       (1292,"Dev", "Patel", 1990),
       (1293,"Ninja", "", 1974),
       (1294,"Yo-Landi", "Visser", 1984),
       (1295,"Jose", "Pablo Cantillo", 1979),
       (1296,"Hugh", "Jackman", 1968),
       (1297,"Sigourney", "Weaver", 1949),
       (1298,"Bahar", "Pars", 1979),
       (1299,"Filip", "Berg", 1986),
       (1300,"Anna-Lena", "Brundin", 1959),
       (1301,"Karin", "de Frumerie", 1978),
       (1302,"Benedict", "Cumberbatch", 1976),
       (1303,"Chiwetel", "Ejiofor", 1977),
       (1304,"Rachel", "McAdams", 1978),
       (1305,"Benedict", "Wong", 1970),
       (1306,"Mads", "Mikkelsen", 1965),
       (1307,"Tilda", "Swinton", 1960),
       (1308,"Michael", "Stuhlbarg", 1968),
       (1309,"Benjamin", "Bratt", 1963),
       (1310,"Scott", "Adkins", 1976),
       (1311,"Tom", "Cruise", 1962),
       (1312,"Cobie", "Smulders", 1982),
       (1313,"Aldis", "Hodge", 1986),
       (1314,"Danika", "Yarosh", 1998),
       (1315,"Holt", "McCallany", 1963),
       (1316,"Tom", "Hanks", 1956),
       (1317,"Felicity", "Jones", 1983),
       (1318,"Omar", "Sy", 1978),
       (1319,"Irrfan", "Khan", 1967),
       (1320,"Sidse", "Babett Knudsen", 1968),
       (1321,"Ben", "Foster", 1980),
       (1322,"Ana", "Ularu", 1985),
       (1323,"Sugar", "Lyn Beard", 1981),
       (1324,"Michael", "Cera", 1988),
       (1325,"Ian", "James Corlett", 1962),
       (1326,"Michael", "Daingerfield", 1970),
       (1327,"Brian", "Dobson", 1973),
       (1328,"Michael", "Dobson", 1966),
       (1329,"James", "Franco", 1978),
       (1330,"Ben", "Affleck", 1972),
       (1331,"Anna", "Kendrick", 1985),
       (1332,"J.K.", "Simmons", 1955),
       (1333,"Jon", "Bernthal", 1976),
       (1334,"Jeffrey", "Tambor", 1944),
       (1335,"Cynthia", "Addai-Robinson", 1985),
       (1336,"John", "Lithgow", 1945),
       (1337,"Jean", "Smart", 1951),
       (1338,"Amy", "Adams", 1974),
       (1339,"Jake", "Gyllenhaal", 1980),
       (1340,"Michael", "Shannon", 1974),
       (1341,"Aaron", "Taylor-Johnson", 1990),
       (1342,"Isla", "Fisher", 1976),
       (1343,"Ellie", "Bamber", 1997),
       (1344,"Armie", "Hammer", 1986),
       (1345,"Karl", "Glusman", 1988),
       (1346,"Emily", "Blunt", 1983),
       (1347,"Haley", "Bennett", 1988),
       (1348,"Rebecca", "Ferguson", 1983),
       (1349,"Justin", "Theroux", 1971),
       (1350,"Luke", "Evans", 1979),
       (1351,"Laura", "Prepon", 1980),
       (1352,"Allison", "Janney", 1959),
       (1353,"Darren", "Goldstein", 1974),
       (1354,"Will", "Smith", 1968),
       (1355,"Ike", "Barinholtz", 1977),
       (1356,"Margot", "Robbie", 1990),
       (1357,"Christopher", "Dyson", 1978),
       (1358,"Bambadjan", "Bamba", 1982),
       (1359,"Viola", "Davis", 1965),
       (1360,"David", "Harbour", 1975),
       (1361,"Tyler", "Perry", 1969),
       (1362,"Cassi", "Davis", 1964),
       (1363,"Bella", "Thorne", 1997),
       (1364,"Yousef", "Erakat", 1990),
       (1365,"James", "McAvoy", 1979),
       (1366,"Haley", "Lu Richardson", 1995),
       (1367,"Anya", "Taylor-Joy", 1996),
       (1368,"Kim", "Director", 1974),
       (1369,"Maria", "Breyman", 1987),
       (1370,"Jessica", "Sula", 1994),
       (1371,"Betty", "Buckley", 1947),
       (1372,"Brad", "William Henke", 1966),
       (1373,"Lyne", "Renee", 1979),
       (1374,"Eva", "Green", 1980),
       (1375,"Asa", "Butterfield", 1997),
       (1376,"Samuel", "L. Jackson", 1948),
       (1377,"Judi", "Dench", 1934),
       (1378,"Rupert", "Everett", 1959),
       (1379,"Allison", "Janney", 1959),
       (1380,"Chris", "O'Dowd", 1979),
       (1381,"Terence", "Stamp", 1938),
       (1382,"Ella", "Purnell", 1996),
       (1383,"Zach", "Galifianakis", 1969),
       (1384,"Isla", "Fisher", 1976),
       (1385,"Jon", "Hamm", 1971),
       (1386,"Gal", "Gadot", 1985),
       (1387,"Patton", "Oswalt", 1969),
       (1388,"Matt", "Walsh", 1964),
       (1389,"Andrew", "Garfield", 1983),
       (1390,"Hugo", "Weaving", 1960),
       (1391,"Anna", "Kendrick", 1985),
       (1392,"Justin", "Timberlake", 1981),
       (1393,"Zooey", "Deschanel", 1980),
       (1394,"Christopher", "Mintz-Plasse", 1989),
       (1395,"Christine", "Baranski", 1952),
       (1396,"Russell", "Brand", 1975),
       (1397,"Gwen", "Stefani", 1969),
       (1398,"John", "Cleese", 1939),
       (1399,"James", "Corden", 1978),
       (1400,"Viggo", "Mortensen", 1958),
       (1401,"George", "MacKay", 1992),
       (1402,"Samantha", "Isler", 1998),
       (1403,"Nicholas", "Hamilton", 2000),
       (1404,"Kathryn", "Hahn", 1973),
       (1405,"Chris", "Pine", 1980),
       (1406,"Zachary", "Quinto", 1977),
       (1407,"Karl", "Urban", 1972),
       (1408,"Zoe", "Saldana", 1978),
       (1409,"Simon", "Pegg", 1970),
       (1410,"John", "Cho", 1972),
       (1411,"Anton", "Yelchin", 1989),
       (1412,"Idris", "Elba", 1972),
       (1413,"Sofia", "Boutella", 1982),
       (1414,"Mila", "Kunis", 1983),
       (1415,"Kathryn", "Hahn", 1973),
       (1416,"Kristen", "Bell", 1980),
       (1417,"Christina", "Applegate", 1971),
       (1418,"Jada", "Pinkett Smith", 1971),
       (1419,"Annie", "Mumolo", 1973),
       (1420,"Oona", "Laurence", 2002),
       (1421,"Emjay", "Anthony", 2003),
       (1422,"David", "Walton", 1978),
       (1423,"Zach", "Woods", 1984),
       (1424,"Kristen", "Wiig", 1973),
       (1425,"Ed", "Begley Jr.", 1949),
       (1426,"Charles", "Dance", 1946),
       (1427,"Melissa", "McCarthy", 1970),
       (1428,"Kate", "McKinnon", 1984),
       (1429,"Amy", "Adams", 1974),
       (1430,"Jeremy", "Renner", 1971),
       (1431,"Michael", "Stuhlbarg", 1968),
       (1432,"Forest", "Whitaker", 1961),
       (1433,"Mark", "O'Brien", 1984),
       (1434,"Stephen", "Lang", 1952),
       (1435,"Jane", "Levy", 1989),
       (1436,"Dylan", "Minnette", 1996),
       (1437,"Katia", "Bokor", 1975),
       (1438,"Sergej", "Onopko", 1985),
       (1439,"Emma", "Roberts", 1991),
       (1440,"Dave", "Franco", 1985),
       (1441,"Emily", "Meade", 1989),
       (1442,"Miles", "Heizer", 1994),
       (1443,"Kimiko", "Glenn", 1989),
       (1444,"Marc", "John Jefferies", 1990),
       (1445,"Machine", "Gun Kelly", 1990),
       (1446,"Ellen", "DeGeneres", 1958),
       (1447,"Albert", "Brooks", 1947),
       (1448,"Ed", "O'Neill", 1946),
       (1449,"Kaitlin", "Olson", 1975),
       (1450,"Ty", "Burrell", 1967),
       (1451,"Diane", "Keaton", 1946),
       (1452,"Eugene", "Levy", 1946),
       (1453,"Brenton", "Thwaites", 1989),
       (1454,"Courtney", "Eaton", 1996),
       (1455,"Nikolaj", "Coster-Waldau", 1970),
       (1456,"Emily", "Wheaton", 1989),
       (1457,"Elodie", "Yung", 1981),
       (1458,"Rachael", "Blake", 1971),
       (1459,"James", "McAvoy", 1979),
       (1460,"Michael", "Fassbender", 1977),
       (1461,"Jennifer", "Lawrence", 1990),
       (1462,"Nicholas", "Hoult", 1989),
       (1463,"Oscar", "Isaac", 1979),
       (1464,"Rose", "Byrne", 1979),
       (1465,"Evan", "Peters", 1987),
       (1466,"Josh", "Helman", 1986),
       (1467,"Sophie", "Turner", 1996),
       (1468,"Ryan", "Reynolds", 1976),
       (1469,"Ed", "Skrein", 1983),
       (1470,"Michael", "Benyaer", 1970),
       (1471,"Stefan", "Kapicic", 1978),
       (1472,"Brianna", "Hildebrand", 1996),
       (1473,"Kyle", "Cassie", 1976),
       (1474,"Taylor", "Hickson", 1997),
       (1475,"Liam", "Hemsworth", 1990),
       (1476,"Jeff", "Goldblum", 1952),
       (1477,"Jessie", "T. Usher", 1992),
       (1478,"Bill", "Pullman", 1953),
       (1479,"Maika", "Monroe", 1993),
       (1480,"Sela", "Ward", 1956),
       (1481,"William", "Fichtner", 1956),
       (1482,"Judd", "Hirsch", 1935),
       (1483,"Brent", "Spiner", 1949),
       (1484,"Mark", "Rylance", 1960),
       (1485,"Ruby", "Barnhill", 2004),
       (1486,"Penelope", "Wilton", 1946),
       (1487,"Jemaine", "Clement", 1974),
       (1488,"Rebecca", "Hall", 1982),
       (1489,"Rafe", "Spall", 1983),
       (1490,"Bill", "Hader", 1978),
       (1491,"Adam", "Godley", 1964),
       (1492,"Jamie", "Dornan", 1982),
       (1493,"Cillian", "Murphy", 1976),
       (1494,"Charlotte", "Le Bon", 1986),
       (1495,"Harry", "Lloyd", 1983),
       (1496,"Marcin", "Dorocinski", 1973),
       (1497,"Denzel", "Washington", 1954),
       (1498,"Chris", "Pratt", 1979),
       (1499,"Ethan", "Hawke", 1970),
       (1500,"Vincent", "D'Onofrio", 1959),
       (1501,"Byung-hun", "Lee", 1970),
       (1502,"Manuel", "Garcia-Rulfo", 1981),
       (1503,"Haley", "Bennett", 1988),
       (1504,"Peter", "Sarsgaard", 1971),
       (1505,"Mark", "Wahlberg", 1971),
       (1506,"Kurt", "Russell", 1951),
       (1507,"Douglas", "M. Griffin", 1966),
       (1508,"James", "DuMont", 1965),
       (1509,"Gina", "Rodriguez", 1984),
       (1510,"Brad", "Leland", 1954),
       (1511,"John", "Malkovich", 1953),
       (1512,"Bryan", "Cranston", 1956),
       (1513,"Daniel", "Mays", 1978),
       (1514,"Tom", "Vaughan-Lawlor", 1977),
       (1515,"Juliet", "Aubrey", 1966),
       (1516,"Olympia", "Dukakis", 1931),
       (1517,"Amy", "Ryan", 1968),
       (1518,"Teresa", "Palmer", 1986),
       (1519,"Billy", "Burke", 1966),
       (1520,"Maria", "Bello", 1967),
       (1521,"Alicia", "Vela-Bailey", 1982),
       (1522,"Andi", "Osho", 1973),
       (1523,"Ethan", "Hawke", 1970),
       (1524,"John", "Travolta", 1954),
       (1525,"Taissa", "Farmiga", 1994),
       (1526,"James", "Ransone", 1979),
       (1527,"Karen", "Gillan", 1987),
       (1528,"Toby", "Huss", 1966),
       (1529,"Larry", "Fessenden", 1963),
       (1530,"Ginnifer", "Goodwin", 1978),
       (1531,"Jason", "Bateman", 1969),
       (1532,"Idris", "Elba", 1972),
       (1533,"Jenny", "Slate", 1982),
       (1534,"Nate", "Torrence", 1977),
       (1535,"Bonnie", "Hunt", 1961),
       (1536,"Don", "Lake", 1956),
       (1537,"Tommy", "Chong", 1938),
       (1538,"J.K.", "Simmons", 1955),
       (1539,"Christoph", "Waltz", 1956),
       (1540,"Samuel", "L. Jackson", 1948),
       (1541,"Margot", "Robbie", 1990),
       (1542,"Travis", "Fimmel", 1979),
       (1543,"Paula", "Patton", 1975),
       (1544,"Ben", "Foster", 1980),
       (1545,"Dominic", "Cooper", 1978),
       (1546,"Toby", "Kebbell", 1982),
       (1547,"Robert", "Kazinsky", 1983),
       (1548,"Clancy", "Brown", 1959),
       (1549,"Daniel", "Wu", 1974),
       (1550,"Chris", "Evans", 1981),
       (1551,"Robert", "Downey Jr.", 1965),
       (1552,"Scarlett", "Johansson", 1984),
       (1553,"Sebastian", "Stan", 1982),
       (1554,"Anthony", "Mackie", 1978),
       (1555,"Don", "Cheadle", 1964),
       (1556,"Jeremy", "Renner", 1971),
       (1557,"Chadwick", "Boseman", 1976),
       (1558,"Paul", "Bettany", 1971),
       (1559,"Kristen", "Stewart", 1990),
       (1560,"Vin", "Diesel", 1967),
       (1561,"Garrett", "Hedlund", 1984),
       (1562,"Steve", "Martin", 1945),
       (1563,"Chris", "Tucker", 1972),
       (1564,"Deirdre", "Lovejoy", 1962),
       (1565,"Joe", "Alwyn", 1991),
       (1566,"Mahershala", "Ali", 1974),
       (1567,"Naomie", "Harris", 1976),
       (1568,"Ewan", "McGregor", 1971),
       (1569,"Jennifer", "Connelly", 1970),
       (1570,"Dakota", "Fanning", 1994),
       (1571,"Peter", "Riegert", 1947),
       (1572,"Rupert", "Evans", 1976),
       (1573,"Uzo", "Aduba", 1981),
       (1574,"Molly", "Parker", 1972),
       (1575,"Valorie", "Curry", 1986),
       (1576,"Sam", "Claflin", 1986),
       (1577,"Emilia", "Clarke", 1986),
       (1578,"Samantha", "Spiro", 1968),
       (1579,"Brendan", "Coyle", 1963),
       (1580,"Ben", "Affleck", 1972),
       (1581,"Henry", "Cavill", 1983),
       (1582,"Amy", "Adams", 1974),
       (1583,"Jesse", "Eisenberg", 1983),
       (1584,"Diane", "Lane", 1965),
       (1585,"Laurence", "Fishburne", 1961),
       (1586,"Jeremy", "Irons", 1948),
       (1587,"Holly", "Hunter", 1958),
       (1588,"Gal", "Gadot", 1985),
       (1589,"Johnny", "Depp", 1963),
       (1590,"Mia", "Wasikowska", 1989),
       (1591,"Helena", "Bonham Carter", 1966),
       (1592,"Anne", "Hathaway", 1982),
       (1593,"Sacha", "Baron Cohen", 1971),
       (1594,"Rhys", "Ifans", 1967),
       (1595,"Matt", "Lucas", 1974),
       (1596,"Lindsay", "Duncan", 1950),
       (1597,"Leo", "Bill", 1980),
       (1598,"Ajay", "Devgn", 1969),
       (1599,"Girish", "Karnad", 1938),
       (1600,"Saurabh", "Shukla", 1963),
       (1601,"James", "Franco", 1978),
       (1602,"Alicia", "Silverstone", 1976),
       (1603,"Molly", "Ringwald", 1968),
       (1604,"Christian", "Slater", 1969),
       (1605,"Keegan", "Allen", 1989),
       (1606,"Sean", "Grandillo", 1992),
       (1607,"Patrick", "Wilson", 1973),
       (1608,"Vera", "Farmiga", 1973),
       (1609,"Madison", "Wolfe", 2002),
       (1610,"Frances", "O'Connor", 1967),
       (1611,"Simon", "McBurney", 1957),
       (1612,"Maria", "Doyle Kennedy", 1964),
       (1613,"Tom", "Hanks", 1956),
       (1614,"Aaron", "Eckhart", 1968),
       (1615,"Valerie", "Mahaffey", 1953),
       (1616,"Delphi", "Harrington", 1937),
       (1617,"Mike", "O'Malley", 1966),
       (1618,"Jamey", "Sheridan", 1951),
       (1619,"Anna", "Gunn", 1968),
       (1620,"Holt", "McCallany", 1963),
       (1621,"Zac", "Efron", 1987),
       (1622,"Adam", "Devine", 1983),
       (1623,"Anna", "Kendrick", 1985),
       (1624,"Aubrey", "Plaza", 1984),
       (1625,"Stephen", "Root", 1951),
       (1626,"Stephanie", "Faracy", 1952),
       (1627,"Sugar", "Lyn Beard", 1981),
       (1628,"Keanu", "Reeves", 1964),
       (1629,"Gugu", "Mbatha-Raw", 1983),
       (1630,"Jim", "Belushi", 1954),
       (1631,"Lara", "Grice", 1971),
       (1632,"Daniel", "Radcliffe", 1989),
       (1633,"Toni", "Collette", 1972),
       (1634,"Tracy", "Letts", 1965),
       (1635,"Sam", "Trammell", 1969),
       (1636,"Nestor", "Carbonell", 1967),
       (1637,"Pawel", "Szajda", 1982),
       (1638,"Luis", "Gnecco", 1962),
       (1639,"Alfredo", "Castro", 1955),
       (1640,"Pablo", "Derqui", 1976),
       (1641,"Alejandro", "Goic", 1969),
       (1642,"Kate", "McKinnon", 1984),
       (1643,"Kristen", "Wiig", 1973),
       (1644,"Zach", "Galifianakis", 1969),
       (1645,"Jason", "Sudeikis", 1975),
       (1646,"Leslie", "Jones", 1967),
       (1647,"Owen", "Wilson", 1968),
       (1648,"Mary", "Elizabeth Ellis", 1979),
       (1649,"Ken", "Marino", 1968),
       (1650,"Devin", "Ratray", 1977),
       (1651,"Kevin", "Spacey", 1959),
       (1652,"Jennifer", "Garner", 1972),
       (1653,"Robbie", "Amell", 1988),
       (1654,"Cheryl", "Hines", 1965),
       (1655,"Mark", "Consuelos", 1971),
       (1656,"Christopher", "Walken", 1943),
       (1657,"Teddy", "Sears", 1977),
       (1658,"Russell", "Crowe", 1964),
       (1659,"Ryan", "Gosling", 1980),
       (1660,"Matt", "Bomer", 1977),
       (1661,"Yaya", "DaCosta", 1982),
       (1662,"Keith", "David", 1956),
       (1663,"Lois", "Smith", 1930),
       (1664,"Paul", "Dano", 1984),
       (1665,"Daniel", "Radcliffe", 1989),
       (1666,"Mary", "Elizabeth Winstead", 1984),
       (1667,"Dwayne", "Johnson", 1972),
       (1668,"Kevin", "Hart", 1979),
       (1669,"Amy", "Ryan", 1968),
       (1670,"Danielle", "Nicolet", 1973),
       (1671,"Jason", "Bateman", 1969),
       (1672,"Aaron", "Paul", 1979),
       (1673,"Ryan", "Hansen", 1981),
       (1674,"Tim", "Griffin", 1969),
       (1675,"Jamie", "Dornan", 1982),
       (1676,"Mark", "Strong", 1963),
       (1677,"Jason", "O'Mara", 1972),
       (1678,"Emmanuelle", "Seigner", 1966),
       (1679,"Mikael", "Persbrandt", 1963),
       (1680,"Guillaume", "Canet", 1973),
       (1681,"Fiona", "Glascott", 1982),
       (1682,"Michael", "McElhatton", 1963),
       (1683,"Blake", "Lively", 1987),
       (1684,"Brett", "Cullen", 1956),
       (1685,"Neel", "Sethi", 2003),
       (1686,"Bill", "Murray", 1950),
       (1687,"Ben", "Kingsley", 1943),
       (1688,"Idris", "Elba", 1972),
       (1689,"Lupita", "Nyong'o", 1983),
       (1690,"Scarlett", "Johansson", 1984),
       (1691,"Giancarlo", "Esposito", 1958),
       (1692,"Christopher", "Walken", 1943),
       (1693,"Garry", "Shandling", 1949),
       (1694,"Mel", "Gibson", 1956),
       (1695,"Erin", "Moriarty", 1994),
       (1696,"Diego", "Luna", 1979),
       (1697,"Michael", "Parks", 1940),
       (1698,"William", "H. Macy", 1950),
       (1699,"Miguel", "Sandoval", 1951),
       (1700,"Dale", "Dickey", 1961),
       (1701,"Louis", "C.K.", 1967),
       (1702,"Eric", "Stonestreet", 1971),
       (1703,"Kevin", "Hart", 1979),
       (1704,"Jenny", "Slate", 1982),
       (1705,"Ellie", "Kemper", 1980),
       (1706,"Albert", "Brooks", 1947),
       (1707,"Lake", "Bell", 1979),
       (1708,"Dana", "Carvey", 1955),
       (1709,"Hannibal", "Buress", 1983),
       (1710,"Andy", "Samberg", 1978),
       (1711,"Kelsey", "Grammer", 1955),
       (1712,"Jennifer", "Aniston", 1969),
       (1713,"Ty", "Burrell", 1967),
       (1714,"Keegan-Michael", "Key", 1971),
       (1715,"Jordan", "Peele", 1979),
       (1716,"Danny", "Trejo", 1944),
       (1717,"Elle", "Fanning", 1998),
       (1718,"Karl", "Glusman", 1988),
       (1719,"Jena", "Malone", 1984),
       (1720,"Bella", "Heathcote", 1987),
       (1721,"Abbey", "Lee", 1987),
       (1722,"Desmond", "Harrington", 1976),
       (1723,"Christina", "Hendricks", 1975),
       (1724,"Keanu", "Reeves", 1964),
       (1725,"Charles", "Baker", 1971),
       (1726,"Kelly", "Chen", 1972),
       (1727,"Melissa", "Leo", 1960),
       (1728,"Zachary", "Quinto", 1977),
       (1729,"Joseph", "Gordon-Levitt", 1981),
       (1730,"Jaymes", "Butler", 1959),
       (1731,"Rhys", "Ifans", 1967),
       (1732,"Frank", "Grillo", 1965),
       (1733,"Elizabeth", "Mitchell", 1970),
       (1734,"Mykelti", "Williamson", 1957),
       (1735,"Edwin", "Hodge", 1985),
       (1736,"Kyle", "Secor", 1957),
       (1737,"Barry", "Nolan", 1947),
       (1738,"Miles", "Teller", 1987),
       (1739,"Katey", "Sagal", 1954),
       (1740,"Aaron", "Eckhart", 1968),
       (1741,"Ted", "Levine", 1957),
       (1742,"Tina", "Casciani", 1982),
       (1743,"Jesse", "Eisenberg", 1983),
       (1744,"Mark", "Ruffalo", 1967),
       (1745,"Woody", "Harrelson", 1961),
       (1746,"Dave", "Franco", 1985),
       (1747,"Daniel", "Radcliffe", 1989),
       (1748,"Lizzy", "Caplan", 1982),
       (1749,"Jay", "Chou", 1979),
       (1750,"Sanaa", "Lathan", 1971),
       (1751,"Michael", "Caine", 1933),
       (1752,"Matthew", "McConaughey", 1969),
       (1753,"Gugu", "Mbatha-Raw", 1983),
       (1754,"Mahershala", "Ali", 1974),
       (1755,"Keri", "Russell", 1976),
       (1756,"Sean", "Bridgers", 1968),
       (1757,"Jacob", "Lofland", 1996),
       (1758,"Gemma", "Jones", 1942),
       (1759,"Jim", "Broadbent", 1949),
       (1760,"Sally", "Phillips", 1970),
       (1761,"Julian", "Rhind-Tutt", 1968),
       (1762,"Shirley", "Henderson", 1965),
       (1763,"Ben", "Willbond", 1973),
       (1764,"Paul", "Bentall", 1948),
       (1765,"Colin", "Firth", 1960),
       (1766,"Josh", "Brener", 1984),
       (1767,"Maria", "Bello", 1967),
       (1768,"Andy", "Garcia", 1956),
       (1769,"Phillip", "DeVona", 1970),
       (1770,"Billy", "Slaughter", 1980),
       (1771,"Megan", "Fox", 1986),
       (1772,"Will", "Arnett", 1970),
       (1773,"Laura", "Linney", 1964),
       (1774,"Stephen", "Amell", 1981),
       (1775,"Noel", "Fisher", 1984),
       (1776,"Jeremy", "Howard", 1981),
       (1777,"Pete", "Ploszek", 1987),
       (1778,"Alan", "Ritchson", 1984),
       (1779,"Tyler", "Perry", 1969),
       (1780,"Zach", "Woods", 1984),
       (1781,"Wayne", "Wilderson", 1966),
       (1782,"Michael", "Hitchcock", 1958),
       (1783,"Parker", "Posey", 1968),
       (1784,"Chris", "O'Dowd", 1979),
       (1785,"Min-hee", "Kim", 1982),
       (1786,"Kim", "Tae-ri", 1990),
       (1787,"Jung-woo", "Ha", 1978),
       (1788,"Jin-woong", "Jo", 1976),
       (1789,"So-ri", "Moon", 1974),
       (1790,"Hae-suk", "Kim", 1955),
       (1791,"Neil", "deGrasse Tyson", 1958),
       (1792,"Adam", "Devine", 1983),
       (1793,"Jesse", "Tyler Ferguson", 1975),
       (1794,"Max", "Greenfield", 1980),
       (1795,"Jessie", "J", 1988),
       (1796,"Queen", "Latifah", 1970),
       (1797,"Denis", "Leary", 1957),
       (1798,"John", "Krasinski", 1979),
       (1799,"James", "Badge Dale", 1978),
       (1800,"Pablo", "Schreiber", 1978),
       (1801,"David", "Denman", 1973),
       (1802,"Dominic", "Fumusa", 1969),
       (1803,"Max", "Martini", 1969),
       (1804,"Peyman", "Moaadi", 1970),
       (1805,"Ryan", "Gosling", 1980),
       (1806,"Emma", "Stone", 1988),
       (1807,"Cameron", "McKendry", 1996),
       (1808,"Victoria", "Staley", 1996),
       (1809,"Taylor", "Kalupa", 1990),
       (1810,"Hailee", "Steinfeld", 1996),
       (1811,"Haley", "Lu Richardson", 1995),
       (1812,"Blake", "Jenner", 1992),
       (1813,"Kyra", "Sedgwick", 1965),
       (1814,"Woody", "Harrelson", 1961),
       (1815,"Hayden", "Szeto", 1985),
       (1816,"Eric", "Keenleyside", 1957),
       (1817,"Matt", "Damon", 1970),
       (1818,"Tommy", "Lee Jones", 1946),
       (1819,"Alicia", "Vikander", 1988),
       (1820,"Vincent", "Cassel", 1966),
       (1821,"Julia", "Stiles", 1981),
       (1822,"Riz", "Ahmed", 1982),
       (1823,"Ato", "Essandoh", 1972),
       (1824,"Sasha", "Lane", 1995),
       (1825,"Shia", "LaBeouf", 1986),
       (1826,"Riley", "Keough", 1989),
       (1827,"Jason", "Statham", 1967),
       (1828,"Jessica", "Alba", 1981),
       (1829,"Tommy", "Lee Jones", 1946),
       (1830,"Michelle", "Yeoh", 1962),
       (1831,"Sam", "Hazeldine", 1972),
       (1832,"John", "Cenatiempo", 1963),
       (1833,"Yoo", "Gong", 1979),
       (1834,"Yu-mi", "Jeong", 1983),
       (1835,"Dong-seok", "Ma", 1971),
       (1836,"Woo-sik", "Choi", 1990),
       (1837,"Sohee", "", 1992),
       (1838,"Sacha", "Baron Cohen", 1971),
       (1839,"Rebel", "Wilson", 1980),
       (1840,"Mark", "Strong", 1963),
       (1841,"Lex", "Shrapnel", 1979),
       (1842,"Isla", "Fisher", 1976),
       (1843,"Dale", "Dickey", 1961),
       (1844,"Ben", "Foster", 1980),
       (1845,"Chris", "Pine", 1980),
       (1846,"Buck", "Taylor", 1938),
       (1847,"Jeff", "Bridges", 1949),
       (1848,"Gil", "Birmingham", 1953),
       (1849,"John", "Goodman", 1952),
       (1850,"Mary", "Elizabeth Winstead", 1984),
       (1851,"John", "Gallagher Jr.", 1984),
       (1852,"Douglas", "M. Griffin", 1966),
       (1853,"Suzanne", "Cryer", 1967),
       (1854,"Bradley", "Cooper", 1975),
       (1855,"Chris", "Pine", 1980),
       (1856,"Casey", "Affleck", 1975),
       (1857,"Ben", "Foster", 1980),
       (1858,"Eric", "Bana", 1968),
       (1859,"Holliday", "Grainger", 1988),
       (1860,"John", "Ortiz", 1968),
       (1861,"Kyle", "Gallner", 1986),
       (1862,"Graham", "McTavish", 1961),
       (1863,"Tom", "Cruise", 1962),
       (1864,"Val", "Kilmer", 1959),
       (1865,"Anthony", "Edwards", 1962);


 INSERT INTO movies
 VALUES (1,"Guardians of the Galaxy", "Action",704613, 8.1, 2014),
        (2,"Interstellar", "Adventure",961763, 8.6, 2014),
        (3,"The Grand Budapest Hotel", "Adventure",492158, 8.1, 2014),
        (4,"Gone Girl", "Crime",589116, 8.1, 2014),
        (5,"The Imitation Game", "Biography",489175, 8.1, 2014),
        (6,"John Wick", "Action",263235, 7.2, 2014),
        (7,"X-Men: Days of Future Past", "Action",524078, 8.0, 2014),
        (8,"Ouija: Origin of Evil", "Horror",6144, 6.6, 2016),
        (9,"The Equalizer", "Action",235859, 7.2, 2014),
        (10,"Maleficent", "Action",257707, 7.0, 2014),
        (11,"Whiplash", "Drama",420586, 8.5, 2014),
        (12,"Fury", "Action",312068, 7.6, 2014),
        (13,"Kingsman: The Secret Service", "Action",410076, 7.7, 2014),
        (14,"It Follows", "Horror",120440, 6.9, 2014),
        (15,"Edge of Tomorrow", "Action",443643, 7.9, 2014),
        (16,"The Theory of Everything", "Biography",275057, 7.7, 2014),
        (17,"The Babadook", "Drama",120497, 6.8, 2014),
        (18,"Divergent", "Adventure",347499, 6.7, 2014),
        (19,"Sin City: A Dame to Kill For", "Action",114899, 6.5, 2014),
        (20,"Need for Speed", "Action",139153, 6.5, 2014),
        (21,"The Amazing Spider-Man 2", "Action",326998, 6.7, 2014),
        (22,"Dracula Untold", "Action",141759, 6.3, 2014),
        (23,"The Book of Life", "Animation",47048, 7.3, 2014),
        (24,"The Purge: Anarchy", "Action",99115, 6.5, 2014),
        (25,"Captain America: The Winter Soldier", "Action",510608, 7.8, 2014),
        (26,"Transformers: Age of Extinction", "Action",246318, 5.7, 2014),
        (27,"Teenage Mutant Ninja Turtles", "Action",172213, 5.9, 2014),
        (28,"Lucifer", "Crime",58703, 8.3, 2015),
        (29,"The Hobbit: The Battle of the Five Armies", "Adventure",363557, 7.4, 2014),
        (30,"Clown", "Horror",12690, 5.7, 2014),
        (31,"Birdman or (The Unexpected Virtue of Ignorance)", "Comedy",408054, 7.8, 2014),
        (32,"The Evil Dead", "Horror",144850, 7.6, 1981),
        (33,"The Giver", "Drama",88897, 6.5, 2014),
        (34,"What We Do in the Shadows", "Comedy",73230, 7.6, 2014),
        (35,"Shin Gojira", "Action",2915, 7.6, 2016),
        (36,"The Maze Runner", "Action",318953, 6.8, 2014),
        (37,"Nightcrawler", "Crime",304445, 7.9, 2014),
        (38,"The Fault in Our Stars", "Drama",256899, 7.8, 2014),
        (39,"Hercules", "Action",117904, 6.0, 2014),
        (40,"Neighbors", "Comedy",224378, 6.4, 2014),
        (41,"The Expendables 3", "Action",130394, 6.1, 2014),
        (42,"The Lego Movie", "Animation",251297, 7.8, 2014),
        (43,"Love Rosie", "Comedy",72052, 7.2, 2014),
        (44,"Boyhood", "Drama",272604, 7.9, 2014),
        (45,"American Sniper", "Action",333228, 7.3, 2014),
        (46,"Big Hero 6", "Animation",288143, 7.9, 2014),
        (47,"The Hunger Games: Mockingjay - Part 1", "Adventure",313261, 6.7, 2014),
        (48,"Noah", "Action",203170, 5.8, 2014),
        (49,"Predestination", "Drama",172521, 7.4, 2014),
        (50,"Unbroken", "Biography",106707, 7.2, 2014),
        (51,"Big Eyes", "Biography",58303, 7.0, 2014),
        (52,"I Origins", "Drama",78760, 7.3, 2014),
        (53,"Inherent Vice", "Comedy",64396, 6.7, 2014),
        (54,"Relatos salvajes", "Comedy",96058, 8.1, 2014),
        (55,"The Taking", "Horror",16365, 6.0, 2014),
        (56,"300: Rise of an Empire", "Action",229109, 6.2, 2014),
        (57,"22 Jump Street", "Action",265037, 7.1, 2014),
        (58,"The Best of Me", "Drama",45116, 6.7, 2014),
        (59,"Vampire Academy", "Action",42267, 5.6, 2014),
        (60,"Seventh Son", "Action",56323, 5.5, 2014),
        (61,"Deliver Us from Evil", "Horror",55582, 6.2, 2014),
        (62,"Dawn of the Planet of the Apes", "Action",323652, 7.6, 2014),
        (63,"Exodus: Gods and Kings", "Action",131331, 6.1, 2014),
        (64,"Annabelle", "Horror",85055, 5.4, 2014),
        (65,"The Loft", "Mystery",35542, 6.3, 2014),
        (66,"Tusk", "Comedy",32399, 5.4, 2014),
        (67,"The Interview", "Comedy",251910, 6.6, 2014),
        (68,"The Voices", "Comedy",36321, 6.3, 2014),
        (69,"I Frankenstein", "Action",67009, 5.1, 2014),
        (70,"The Judge", "Crime",140247, 7.4, 2014),
        (71,"Burnt", "Comedy",66999, 6.6, 2015),
        (72,"If I Stay", "Drama",86751, 6.8, 2014),
        (73,"As Above So Below", "Horror",52008, 6.2, 2014),
        (74,"3 Days to Kill", "Action",70604, 6.2, 2014),
        (75,"Before We Go", "Comedy",27217, 6.9, 2014),
        (76,"Non-Stop", "Action",204451, 7.0, 2014),
        (77,"That Awkward Moment", "Comedy",78562, 6.2, 2014),
        (78,"Vincent", "Short",18284, 8.4, 1982),
        (79,"Blended", "Comedy",89403, 6.5, 2014),
        (80,"The Guest", "Action",65590, 6.7, 2014),
        (81,"The Other Woman", "Comedy",106752, 6.0, 2014),
        (82,"Left Behind", "Action",25659, 3.1, 2014),
        (83,"Annie", "Comedy",25486, 5.3, 2014),
        (84,"Cybernatural", "Horror",46643, 5.7, 2014),
        (85,"The Gambler", "Crime",49667, 6.0, 2014),
        (86,"The Salvation", "Drama",24481, 6.8, 2014),
        (87,"A Million Ways to Die in the West", "Comedy",138651, 6.1, 2014),
        (88,"Testament of Youth", "Biography",15500, 7.3, 2014),
        (89,"Hunt for the Wilderpeople", "Adventure",22696, 8.0, 2016),
        (90,"Transcendence", "Drama",176429, 6.3, 2014),
        (91,"Sex Tape", "Comedy",86018, 5.1, 2014),
        (92,"Honeytrap", "Crime",325, 5.6, 2014),
        (93,"X+Y", "Drama",19609, 7.2, 2014),
        (94,"Creep", "Horror",14696, 6.2, 2014),
        (95,"The Drop", "Crime",109038, 7.1, 2014),
        (96,"Ich seh ich seh", "Drama",22916, 6.7, 2014),
        (97,"Eliza Graves", "Drama",36059, 6.8, 2014),
        (98,"Horrible Bosses 2", "Comedy",117742, 6.3, 2014),
        (99,"Jack Ryan: Shadow Recruit", "Action",100550, 6.2, 2014),
        (100,"Man Down", "Drama",414, 6.5, 2015),
        (101,"Star Wars: Episode VII - The Force Awakens", "Action",594763, 8.2, 2015),
        (102,"The Revenant", "Adventure",441653, 8.1, 2015),
        (103,"Joy", "Biography",83047, 6.6, 2015),
        (104,"Spectre", "Action",287494, 6.8, 2015),
        (105,"The VVitch: A New-England Folktale", "Horror",79688, 6.7, 2015),
        (106,"The Big Short", "Biography",206783, 7.8, 2015),
        (107,"Jurassic World", "Action",429565, 7.0, 2015),
        (108,"Mad Max: Fury Road", "Action",578046, 8.1, 2015),
        (109,"The Martian", "Adventure",506641, 8.0, 2015),
        (110,"The Hateful Eight", "Crime",294908, 7.9, 2015),
        (111,"The Danish Girl", "Biography",92054, 7.0, 2015),
        (112,"Sicario", "Action",212880, 7.6, 2015),
        (113,"Avengers: Age of Ultron", "Action",479512, 7.5, 2015),
        (114,"Spotlight", "Biography",220052, 8.1, 2015),
        (115,"Room", "Drama",182004, 8.2, 2015),
        (116,"Fifty Shades of Grey", "Drama",224710, 4.1, 2015),
        (117,"Ex Machina", "Drama",304335, 7.7, 2015),
        (118,"The Lobster", "Comedy",90934, 7.1, 2015),
        (119,"Mr. Right", "Action",22752, 6.3, 2015),
        (120,"Mission: Impossible - Rogue Nation", "Action",241599, 7.4, 2015),
        (121,"The Hunger Games: Mockingjay - Part 2", "Adventure",179028, 6.6, 2015),
        (122,"P.S. I Love You", "Drama",170878, 7.1, 2007),
        (123,"Black Mass", "Biography",123475, 7.0, 2015),
        (124,"In the Heart of the Sea", "Action",79623, 6.9, 2015),
        (125,"By the Sea", "Drama",9662, 5.3, 2015),
        (126,"Knock Knock", "Drama",47192, 4.9, 2015),
        (127,"Inside Out", "Animation",367848, 8.2, 2015),
        (128,"Straight Outta Compton", "Biography",127258, 7.9, 2015),
        (129,"Ant-Man", "Action",331498, 7.4, 2015),
        (130,"The Invitation", "Thriller",28593, 6.7, 2015),
        (131,"Brooklyn", "Drama",82468, 7.5, 2015),
        (132,"Bridge of Spies", "Drama",192125, 7.6, 2015),
        (133,"Cinderella", "Drama",107389, 7.0, 2015),
        (134,"Green Room", "Crime",41386, 7.1, 2015),
        (135,"Steve Jobs", "Biography",102485, 7.2, 2015),
        (136,"Krampus", "Comedy",33237, 6.2, 2015),
        (137,"Furious Seven", "Action",284316, 7.2, 2015),
        (138,"Crimson Peak", "Drama",88501, 6.6, 2015),
        (139,"Fathers & Daughters", "Drama",12242, 7.1, 2015),
        (140,"Terminator Genisys", "Action",194182, 6.5, 2015),
        (141,"Legends of Tomorrow", "Action",42082, 7.1, 2016),
        (142,"Spy", "Action",176403, 7.1, 2015),
        (143,"Eye in the Sky", "Drama",44086, 7.3, 2015),
        (144,"Everest", "Adventure",142142, 7.1, 2015),
        (145,"The Man Who Knew Infinity", "Biography",18444, 7.2, 2015),
        (146,"The Visit", "Horror",70878, 6.2, 2015),
        (147,"Carol", "Drama",66848, 7.2, 2015),
        (148,"Sister Sister", "Comedy",8021, 6.1, 1994),
        (149,"The Intern", "Comedy",142646, 7.2, 2015),
        (150,"Demolition", "Drama",42400, 7.0, 2015),
        (151,"Goosebumps", "Adventure",51870, 6.3, 2015),
        (152,"Hardcore Henry", "Action",48460, 6.8, 2015),
        (153,"Desierto", "Drama",2618, 5.8, 2015),
        (154,"The Unspoken", "Thriller",423, 4.9, 2015),
        (155,"Trainwreck", "Comedy",98763, 6.3, 2015),
        (156,"Creed", "Drama",157387, 7.7, 2015),
        (157,"Southpaw", "Drama",154514, 7.4, 2015),
        (158,"Victor Frankenstein", "Drama",32516, 6.0, 2015),
        (159,"Pitch Perfect 2", "Comedy",101190, 6.5, 2015),
        (160,"Colonia", "Drama",22234, 7.1, 2015),
        (161,"San Andreas", "Action",152249, 6.1, 2015),
        (162,"The Age of Adaline", "Drama",99943, 7.2, 2015),
        (163,"Point Break", "Action",38527, 5.3, 2015),
        (164,"Into the Forest", "Drama",5638, 6.0, 2015),
        (165,"Hotel Transylvania 2", "Animation",61666, 6.7, 2015),
        (166,"Pan", "Adventure",43442, 5.8, 2015),
        (167,"The Dressmaker", "Drama",25597, 7.1, 2015),
        (168,"Maze Runner: The Scorch Trials", "Action",146153, 6.4, 2015),
        (169,"Youth", "Comedy",45576, 7.4, 2015),
        (170,"Vacation", "Adventure",69598, 6.1, 2015),
        (171,"Bone Tomahawk", "Adventure",38814, 7.1, 2015),
        (172,"Scouts Guide to the Zombie Apocalypse", "Action",28124, 6.3, 2015),
        (173,"Tomorrowland", "Action",132793, 6.5, 2015),
        (174,"The Gift", "Mystery",86698, 7.1, 2015),
        (175,"The Last Witch Hunter", "Action",63434, 6.0, 2015),
        (176,"Insurgent", "Adventure",160386, 6.3, 2015),
        (177,"The DUFF", "Comedy",53584, 6.5, 2015),
        (178,"The Good Dinosaur", "Animation",68749, 6.8, 2015),
        (179,"Focus", "Comedy",155186, 6.6, 2015),
        (180,"Jupiter Ascending", "Action",142878, 5.4, 2015),
        (181,"Fantastic Four", "Action",114717, 4.3, 2015),
        (182,"Concussion", "Biography",51021, 7.1, 2015),
        (183,"Muhammad: The Messenger of God", "Biography",4266, 8.1, 2015),
        (184,"Equals", "Drama",10357, 6.1, 2015),
        (185,"Magic Mike XXL", "Comedy",39910, 5.7, 2015),
        (186,"The Longest Ride", "Drama",53050, 7.1, 2015),
        (187,"Daddy's Home", "Comedy",59706, 6.1, 2015),
        (188,"Knight of Cups", "Drama",14456, 5.7, 2015),
        (189,"The Ridiculous 6", "Comedy",28505, 4.9, 2015),
        (190,"Ted 2", "Comedy",123758, 6.4, 2015),
        (191,"Minions", "Animation",148448, 6.4, 2015),
        (192,"Macbeth", "Drama",37044, 6.7, 2015),
        (193,"Burnt", "Comedy",67059, 6.6, 2015),
        (194,"The Final Girls", "Comedy",20599, 6.6, 2015),
        (195,"A Bigger Splash", "Crime",10315, 6.4, 2015),
        (196,"Chappie", "Action",177519, 6.9, 2015),
        (197,"En man som heter Ove", "Comedy",7806, 7.6, 2015),
        (198,"Doctor Strange", "Action",71532, 8.0, 2016),
        (199,"Jack Reacher: Never Go Back", "Action",15821, 6.4, 2016),
        (200,"Inferno", "Action",28671, 6.4, 2016),
        (201,"Sausage Party", "Animation",61333, 6.5, 2016),
        (202,"The Accountant", "Action",27335, 7.7, 2016),
        (203,"Nocturnal Animals", "Drama",2060, 8.1, 2016),
        (204,"The Girl on the Train", "Drama",25170, 6.7, 2016),
        (205,"Suicide Squad", "Action",249658, 6.6, 2016),
        (206,"Ouija: Origin of Evil", "Horror",6973, 6.5, 2016),
        (207,"Boo! A Madea Halloween", "Comedy",1851, 4.7, 2016),
        (208,"Split", "Horror",331, 8.1, 2016),
        (209,"Miss Peregrine's Home for Peculiar Children", "Adventure",31522, 7.0, 2016),
        (210,"Keeping Up with the Joneses", "Action",1964, 5.8, 2016),
        (211,"Hacksaw Ridge", "Biography",6904, 8.8, 2016),
        (212,"Trolls", "Animation",3307, 6.7, 2016),
        (213,"Captain Fantastic", "Comedy",30203, 8.0, 2016),
        (214,"Star Trek Beyond", "Action",111125, 7.2, 2016),
        (215,"Bad Moms", "Comedy",30510, 6.3, 2016),
        (216,"Ghostbusters", "Action",111399, 5.4, 2016),
        (217,"Arrival", "Drama",2396, 8.5, 2016),
        (218,"Don't Breathe", "Crime",55841, 7.3, 2016),
        (219,"Nerve", "Adventure",37601, 6.7, 2016),
        (220,"Finding Dory", "Animation",87660, 7.6, 2016),
        (221,"Gods of Egypt", "Action",60592, 5.5, 2016),
        (222,"X-Men: Apocalypse", "Action",210509, 7.2, 2016),
        (223,"Deadpool", "Action",533503, 8.1, 2016),
        (224,"Independence Day: Resurgence", "Action",93353, 5.4, 2016),
        (225,"The BFG", "Adventure",21997, 6.6, 2016),
        (226,"Anthropoid", "Biography",8307, 7.3, 2016),
        (227,"The Magnificent Seven", "Action",35670, 7.1, 2016),
        (228,"Deepwater Horizon", "Action",19531, 7.5, 2016),
        (229,"The Infiltrator", "Biography",20436, 7.1, 2016),
        (230,"Lights Out", "Horror",43426, 6.5, 2016),
        (231,"In a Valley of Violence", "Western",1942, 6.0, 2016),
        (232,"Zootopia", "Animation",216939, 8.1, 2016),
        (233,"The Legend of Tarzan", "Action",80332, 6.4, 2016),
        (234,"Warcraft", "Action",154327, 7.1, 2016),
        (235,"Captain America: Civil War", "Action",340867, 8.0, 2016),
        (236,"Billy Lynn's Long Halftime Walk", "Drama",348, 6.4, 2016),
        (237,"Moonlight", "Drama",2184, 8.7, 2016),
        (238,"American Pastoral", "Crime",742, 6.2, 2016),
        (239,"Me Before You", "Drama",82868, 7.5, 2016),
        (240,"Batman v Superman: Dawn of Justice", "Action",415255, 6.8, 2016),
        (241,"Alice Through the Looking Glass", "Adventure",37184, 6.3, 2016),
        (242,"Shivaay", "Action",4948, 7.2, 2016),
        (243,"King Cobra", "Crime",928, 5.8, 2016),
        (244,"The Conjuring 2", "Horror",108550, 7.5, 2016),
        (245,"Sully", "Biography",34289, 7.9, 2016),
        (246,"Mike and Dave Need Wedding Dates", "Adventure",30530, 6.1, 2016),
        (247,"The Whole Truth", "Drama",3888, 6.0, 2016),
        (248,"Imperium", "Crime",14516, 6.5, 2016),
        (249,"Neruda", "Biography",812, 7.3, 2016),
        (250,"Masterminds", "Action",3254, 5.8, 2016),
        (251,"Nine Lives", "Comedy",5010, 5.0, 2016),
        (252,"The Nice Guys", "Action",116011, 7.4, 2016),
        (253,"Swiss Army Man", "Adventure",32284, 7.2, 2016),
        (254,"Central Intelligence", "Action",66143, 6.4, 2016),
        (255,"The Siege of Jadotville", "Action",6428, 7.4, 2016),
        (256,"The Shallows", "Drama",54247, 6.4, 2016),
        (257,"The Jungle Book", "Adventure",151342, 7.6, 2016),
        (258,"Blood Father", "Action",25837, 6.5, 2016),
        (259,"The Secret Life of Pets", "Animation",63437, 6.7, 2016),
        (260,"Storks", "Animation",5798, 7.0, 2016),
        (261,"The Neon Demon", "Horror",29895, 6.4, 2016),
        (262,"Tokyo Zance", "Comedy",5, 5.4, 2001),
        (263,"Snowden", "Biography",12257, 7.4, 2016),
        (264,"The Purge: Election Year", "Action",38837, 6.0, 2016),
        (265,"Bleed for This", "Biography",382, 6.5, 2016),
        (266,"Now You See Me 2", "Action",112664, 6.5, 2016),
        (267,"Free State of Jones", "Action",16935, 6.9, 2016),
        (268,"Bridget Jones's Baby", "Comedy",16892, 7.3, 2016),
        (269,"Max Steel", "Action",897, 4.9, 2016),
        (270,"Teenage Mutant Ninja Turtles: Out of the Shadows", "Action",45213, 6.1, 2016),
        (271,"Mascots", "Comedy",3147, 5.9, 2016),
        (272,"Ah-ga-ssi", "Drama",7135, 8.1, 2016),
        (273,"Ice Age: Collision Course", "Animation",21966, 5.7, 2016),
        (274,"13 Hours", "Action",59515, 7.3, 2016),
        (275,"La La Land", "Comedy",1473, 8.6, 2016),
        (276,"I'm Not Ashamed", "Biography",345, 6.1, 2016),
        (277,"The Edge of Seventeen", "Comedy",305, 7.7, 2016),
        (278,"Jason Bourne", "Action",87772, 6.8, 2016),
        (279,"American Honey", "Drama",2493, 7.5, 2016),
        (280,"Mechanic: Resurrection", "Action",18817, 5.7, 2016),
        (281,"Busanhaeng", "Action",22742, 7.6, 2016),
        (282,"Grimsby", "Action",50897, 6.2, 2016),
        (283,"Hell or High Water", "Crime",15385, 8.2, 2016),
        (284,"10 Cloverfield Lane", "Drama",149415, 7.3, 2016),
        (285,"The Finest Hours", "Action",34666, 6.8, 2016),
        (286,"Top Gun", "Action",273458, 6.9, 1986);

INSERT INTO movies_actors
 (actor_id , movie_id)
 VALUES (1, 1),
        (2, 1),
        (3, 1),
        (4, 1),
        (5, 1),
        (6, 1),
        (7, 1),
        (8, 1),
        (9, 1),
        (10, 2),
        (11, 2),
        (12, 2),
        (13, 2),
        (14, 2),
        (15, 2),
        (16, 2),
        (17, 2),
        (18, 3),
        (19, 3),
        (20, 3),
        (21, 3),
        (22, 3),
        (23, 3),
        (24, 3),
        (25, 3),
        (26, 3),
        (27, 4),
        (28, 4),
        (29, 4),
        (30, 4),
        (31, 4),
        (32, 4),
        (33, 4),
        (34, 4),
        (35, 4),
        (36, 5),
        (37, 5),
        (38, 5),
        (39, 5),
        (40, 5),
        (41, 5),
        (42, 5),
        (43, 5),
        (44, 6),
        (45, 6),
        (46, 6),
        (47, 6),
        (48, 6),
        (49, 6),
        (50, 6),
        (51, 6),
        (52, 7),
        (53, 7),
        (54, 7),
        (55, 7),
        (56, 7),
        (57, 7),
        (58, 7),
        (59, 7),
        (60, 7),
        (61, 206),
        (62, 206),
        (63, 206),
        (64, 206),
        (65, 9),
        (66, 9),
        (67, 9),
        (68, 9),
        (69, 9),
        (70, 9),
        (71, 9),
        (72, 10),
        (73, 10),
        (74, 10),
        (75, 10),
        (76, 10),
        (77, 10),
        (78, 10),
        (79, 10),
        (80, 10),
        (81, 11),
        (82, 11),
        (83, 11),
        (84, 11),
        (85, 11),
        (86, 12),
        (87, 12),
        (88, 12),
        (89, 12),
        (90, 12),
        (91, 12),
        (92, 12),
        (93, 13),
        (94, 13),
        (95, 13),
        (96, 13),
        (97, 13),
        (98, 13),
        (99, 13),
        (100, 14),
        (101, 14),
        (102, 14),
        (103, 14),
        (104, 15),
        (105, 15),
        (106, 15),
        (107, 15),
        (108, 15),
        (109, 15),
        (110, 15),
        (111, 15),
        (112, 16),
        (113, 16),
        (114, 16),
        (115, 16),
        (116, 16),
        (117, 16),
        (118, 17),
        (119, 17),
        (120, 17),
        (121, 18),
        (122, 18),
        (123, 18),
        (124, 18),
        (125, 18),
        (126, 18),
        (127, 18),
        (128, 18),
        (129, 19),
        (130, 19),
        (131, 19),
        (132, 19),
        (133, 19),
        (134, 19),
        (135, 19),
        (136, 19),
        (137, 19),
        (138, 20),
        (139, 20),
        (140, 20),
        (141, 20),
        (142, 20),
        (143, 20),
        (144, 20),
        (145, 20),
        (146, 21),
        (147, 21),
        (148, 21),
        (149, 21),
        (150, 21),
        (151, 21),
        (152, 21),
        (153, 21),
        (154, 21),
        (155, 22),
        (156, 22),
        (157, 22),
        (158, 22),
        (159, 22),
        (160, 22),
        (161, 22),
        (162, 22),
        (163, 23),
        (164, 23),
        (165, 23),
        (166, 23),
        (167, 23),
        (168, 23),
        (169, 23),
        (170, 23),
        (171, 23),
        (172, 24),
        (173, 24),
        (174, 24),
        (175, 24),
        (176, 24),
        (177, 24),
        (178, 24),
        (179, 25),
        (180, 25),
        (181, 25),
        (182, 25),
        (183, 25),
        (184, 25),
        (185, 25),
        (186, 25),
        (187, 26),
        (188, 26),
        (189, 26),
        (190, 26),
        (191, 26),
        (192, 26),
        (193, 26),
        (194, 26),
        (195, 26),
        (196, 27),
        (197, 27),
        (198, 27),
        (199, 27),
        (200, 27),
        (201, 27),
        (202, 27),
        (203, 27),
        (204, 27),
        (205, 28),
        (206, 28),
        (207, 28),
        (208, 28),
        (209, 28),
        (210, 28),
        (211, 28),
        (212, 29),
        (213, 29),
        (214, 29),
        (215, 29),
        (216, 29),
        (217, 29),
        (218, 29),
        (219, 30),
        (220, 30),
        (221, 30),
        (222, 30),
        (223, 31),
        (224, 31),
        (225, 31),
        (226, 31),
        (227, 31),
        (228, 32),
        (229, 32),
        (230, 32),
        (231, 32),
        (232, 33),
        (233, 33),
        (234, 33),
        (235, 33),
        (236, 33),
        (237, 33),
        (238, 33),
        (239, 34),
        (240, 34),
        (241, 35),
        (242, 35),
        (243, 35),
        (244, 35),
        (245, 35),
        (246, 35),
        (247, 35),
        (248, 35),
        (249, 36),
        (250, 36),
        (251, 36),
        (252, 36),
        (253, 36),
        (254, 36),
        (255, 37),
        (256, 37),
        (257, 37),
        (258, 37),
        (259, 37),
        (260, 37),
        (261, 38),
        (262, 38),
        (263, 38),
        (264, 38),
        (265, 38),
        (266, 38),
        (267, 38),
        (268, 38),
        (269, 39),
        (270, 39),
        (271, 39),
        (272, 39),
        (273, 39),
        (274, 39),
        (275, 39),
        (276, 39),
        (277, 40),
        (278, 40),
        (279, 40),
        (280, 40),
        (281, 40),
        (282, 40),
        (283, 40),
        (284, 41),
        (285, 41),
        (286, 41),
        (287, 41),
        (288, 41),
        (289, 41),
        (290, 41),
        (291, 41),
        (292, 41),
        (293, 42),
        (294, 42),
        (295, 42),
        (296, 42),
        (297, 42),
        (298, 42),
        (299, 43),
        (300, 43),
        (301, 43),
        (302, 43),
        (303, 43),
        (304, 43),
        (305, 43),
        (306, 43),
        (307, 44),
        (308, 44),
        (309, 44),
        (310, 44),
        (311, 45),
        (312, 45),
        (313, 45),
        (314, 45),
        (315, 46),
        (316, 46),
        (317, 46),
        (318, 46),
        (319, 46),
        (320, 46),
        (321, 46),
        (322, 46),
        (323, 47),
        (324, 47),
        (325, 47),
        (326, 47),
        (327, 47),
        (328, 47),
        (329, 47),
        (330, 47),
        (331, 47),
        (332, 48),
        (333, 48),
        (334, 48),
        (335, 48),
        (336, 48),
        (337, 48),
        (338, 48),
        (339, 48),
        (340, 48),
        (341, 49),
        (342, 50),
        (343, 50),
        (344, 50),
        (345, 50),
        (346, 50),
        (347, 50),
        (348, 51),
        (349, 51),
        (350, 51),
        (351, 51),
        (352, 51),
        (353, 51),
        (354, 51),
        (355, 51),
        (356, 52),
        (357, 52),
        (358, 52),
        (359, 52),
        (360, 53),
        (361, 53),
        (362, 53),
        (363, 53),
        (364, 53),
        (365, 53),
        (366, 53),
        (367, 54),
        (368, 54),
        (369, 54),
        (370, 55),
        (371, 55),
        (372, 55),
        (373, 55),
        (374, 55),
        (375, 55),
        (376, 56),
        (377, 56),
        (378, 56),
        (379, 56),
        (380, 56),
        (381, 56),
        (382, 56),
        (383, 56),
        (384, 56),
        (385, 57),
        (386, 57),
        (387, 57),
        (388, 57),
        (389, 57),
        (390, 57),
        (391, 58),
        (392, 58),
        (393, 58),
        (394, 58),
        (395, 58),
        (396, 58),
        (397, 58),
        (398, 58),
        (399, 59),
        (400, 59),
        (401, 59),
        (402, 59),
        (403, 59),
        (404, 59),
        (405, 59),
        (406, 60),
        (407, 60),
        (408, 60),
        (409, 60),
        (410, 60),
        (411, 60),
        (412, 60),
        (413, 60),
        (414, 61),
        (415, 61),
        (416, 61),
        (417, 61),
        (418, 61),
        (419, 61),
        (420, 61),
        (421, 62),
        (422, 62),
        (423, 62),
        (424, 62),
        (425, 62),
        (426, 62),
        (427, 62),
        (428, 63),
        (429, 63),
        (430, 63),
        (431, 63),
        (432, 63),
        (433, 63),
        (434, 63),
        (435, 64),
        (436, 64),
        (437, 64),
        (438, 64),
        (439, 64),
        (440, 64),
        (441, 65),
        (442, 65),
        (443, 65),
        (444, 65),
        (445, 65),
        (446, 65),
        (447, 65),
        (448, 65),
        (449, 65),
        (450, 66),
        (451, 66),
        (452, 66),
        (453, 66),
        (454, 66),
        (455, 66),
        (456, 66),
        (457, 66),
        (458, 67),
        (459, 67),
        (460, 67),
        (461, 67),
        (462, 68),
        (463, 68),
        (464, 68),
        (465, 68),
        (466, 68),
        (467, 68),
        (468, 69),
        (469, 69),
        (470, 69),
        (471, 69),
        (472, 69),
        (473, 69),
        (474, 69),
        (475, 69),
        (476, 70),
        (477, 70),
        (478, 70),
        (479, 70),
        (480, 70),
        (481, 70),
        (482, 70),
        (483, 70),
        (484, 193),
        (485, 193),
        (486, 193),
        (487, 193),
        (488, 193),
        (489, 193),
        (490, 193),
        (491, 72),
        (492, 72),
        (493, 72),
        (494, 72),
        (495, 72),
        (496, 72),
        (497, 72),
        (498, 71),
        (499, 71),
        (500, 71),
        (501, 74),
        (502, 74),
        (503, 74),
        (504, 74),
        (505, 74),
        (506, 75),
        (507, 75),
        (508, 75),
        (509, 75),
        (510, 75),
        (511, 75),
        (512, 76),
        (513, 76),
        (514, 76),
        (515, 76),
        (516, 76),
        (517, 76),
        (518, 76),
        (519, 76),
        (520, 76),
        (521, 77),
        (522, 77),
        (523, 77),
        (524, 77),
        (525, 77),
        (526, 77),
        (527, 77),
        (528, 77),
        (529, 78),
        (530, 79),
        (531, 79),
        (532, 79),
        (533, 79),
        (534, 79),
        (535, 79),
        (536, 80),
        (537, 80),
        (538, 80),
        (539, 80),
        (540, 80),
        (541, 80),
        (542, 80),
        (543, 80),
        (544, 81),
        (545, 81),
        (546, 81),
        (547, 81),
        (548, 81),
        (549, 81),
        (550, 81),
        (551, 82),
        (552, 82),
        (553, 82),
        (554, 82),
        (555, 82),
        (556, 82),
        (557, 82),
        (558, 82),
        (559, 83),
        (560, 83),
        (561, 83),
        (562, 83),
        (563, 83),
        (564, 83),
        (565, 83),
        (566, 84),
        (567, 84),
        (568, 84),
        (569, 84),
        (570, 84),
        (571, 85),
        (572, 85),
        (573, 85),
        (574, 85),
        (575, 85),
        (576, 86),
        (577, 86),
        (578, 86),
        (579, 86),
        (580, 86),
        (581, 86),
        (582, 86),
        (583, 86),
        (584, 87),
        (585, 87),
        (586, 87),
        (587, 87),
        (588, 87),
        (589, 87),
        (590, 87),
        (591, 87),
        (592, 88),
        (593, 88),
        (594, 88),
        (595, 88),
        (596, 88),
        (597, 88),
        (598, 88),
        (599, 88),
        (600, 89),
        (601, 89),
        (602, 90),
        (603, 90),
        (604, 90),
        (605, 90),
        (606, 90),
        (607, 90),
        (608, 90),
        (609, 90),
        (610, 90),
        (611, 91),
        (612, 91),
        (613, 91),
        (614, 91),
        (615, 91),
        (616, 91),
        (617, 92),
        (618, 92),
        (619, 92),
        (620, 93),
        (621, 93),
        (622, 93),
        (623, 93),
        (624, 93),
        (625, 93),
        (626, 94),
        (627, 95),
        (628, 95),
        (629, 95),
        (630, 95),
        (631, 95),
        (632, 95),
        (633, 95),
        (634, 96),
        (635, 97),
        (636, 97),
        (637, 97),
        (638, 97),
        (639, 97),
        (640, 97),
        (641, 97),
        (642, 98),
        (643, 98),
        (644, 98),
        (645, 98),
        (646, 98),
        (647, 98),
        (648, 98),
        (649, 98),
        (650, 98),
        (651, 99),
        (652, 99),
        (653, 99),
        (654, 99),
        (655, 99),
        (656, 99),
        (657, 99),
        (658, 99),
        (659, 100),
        (660, 100),
        (661, 100),
        (662, 100),
        (663, 100),
        (664, 100),
        (665, 101),
        (666, 101),
        (667, 101),
        (668, 101),
        (669, 101),
        (670, 101),
        (671, 101),
        (672, 101),
        (673, 101),
        (674, 102),
        (675, 102),
        (676, 102),
        (677, 102),
        (678, 102),
        (679, 102),
        (680, 103),
        (681, 103),
        (682, 103),
        (683, 103),
        (684, 103),
        (685, 103),
        (686, 104),
        (687, 104),
        (688, 104),
        (689, 104),
        (690, 104),
        (691, 104),
        (692, 104),
        (693, 104),
        (694, 105),
        (695, 105),
        (696, 105),
        (697, 105),
        (698, 105),
        (699, 106),
        (700, 106),
        (701, 106),
        (702, 107),
        (703, 107),
        (704, 107),
        (705, 107),
        (706, 107),
        (707, 107),
        (708, 107),
        (709, 107),
        (710, 108),
        (711, 108),
        (712, 108),
        (713, 108),
        (714, 108),
        (715, 108),
        (716, 108),
        (717, 108),
        (718, 109),
        (719, 109),
        (720, 109),
        (721, 109),
        (722, 109),
        (723, 109),
        (724, 109),
        (725, 109),
        (726, 110),
        (727, 110),
        (728, 110),
        (729, 110),
        (730, 110),
        (731, 110),
        (732, 110),
        (733, 110),
        (734, 111),
        (735, 111),
        (736, 111),
        (737, 111),
        (738, 111),
        (739, 112),
        (740, 112),
        (741, 112),
        (742, 112),
        (743, 112),
        (744, 112),
        (745, 112),
        (746, 112),
        (747, 113),
        (748, 113),
        (749, 113),
        (750, 113),
        (751, 113),
        (752, 113),
        (753, 113),
        (754, 113),
        (755, 113),
        (756, 114),
        (757, 114),
        (758, 114),
        (759, 114),
        (760, 114),
        (761, 114),
        (762, 114),
        (763, 114),
        (764, 115),
        (765, 115),
        (766, 115),
        (767, 115),
        (768, 115),
        (769, 115),
        (770, 116),
        (771, 116),
        (772, 116),
        (773, 116),
        (774, 116),
        (775, 116),
        (776, 116),
        (777, 116),
        (778, 116),
        (779, 117),
        (780, 117),
        (781, 117),
        (782, 117),
        (783, 118),
        (784, 118),
        (785, 118),
        (786, 118),
        (787, 119),
        (788, 119),
        (789, 119),
        (790, 119),
        (791, 119),
        (792, 119),
        (793, 120),
        (794, 120),
        (795, 120),
        (796, 120),
        (797, 120),
        (798, 120),
        (799, 120),
        (800, 120),
        (801, 120),
        (802, 121),
        (803, 121),
        (804, 121),
        (805, 121),
        (806, 121),
        (807, 121),
        (808, 121),
        (809, 121),
        (810, 121),
        (811, 122),
        (812, 122),
        (813, 122),
        (814, 122),
        (815, 122),
        (816, 122),
        (817, 122),
        (818, 122),
        (819, 122),
        (820, 123),
        (821, 123),
        (822, 123),
        (823, 123),
        (824, 123),
        (825, 123),
        (826, 123),
        (827, 123),
        (828, 123),
        (829, 124),
        (830, 124),
        (831, 124),
        (832, 124),
        (833, 124),
        (834, 124),
        (835, 124),
        (836, 125),
        (837, 125),
        (838, 125),
        (839, 125),
        (840, 125),
        (841, 125),
        (842, 126),
        (843, 126),
        (844, 126),
        (845, 126),
        (846, 126),
        (847, 126),
        (848, 127),
        (849, 127),
        (850, 127),
        (851, 127),
        (852, 127),
        (853, 127),
        (854, 127),
        (855, 127),
        (856, 128),
        (857, 128),
        (858, 128),
        (859, 128),
        (860, 129),
        (861, 129),
        (862, 129),
        (863, 129),
        (864, 129),
        (865, 129),
        (866, 129),
        (867, 130),
        (868, 130),
        (869, 130),
        (870, 130),
        (871, 130),
        (872, 130),
        (873, 131),
        (874, 131),
        (875, 131),
        (876, 132),
        (877, 132),
        (878, 132),
        (879, 132),
        (880, 133),
        (881, 133),
        (882, 133),
        (883, 133),
        (884, 133),
        (885, 133),
        (886, 133),
        (887, 133),
        (888, 134),
        (889, 134),
        (890, 134),
        (891, 134),
        (892, 134),
        (893, 135),
        (894, 135),
        (895, 135),
        (896, 135),
        (897, 135),
        (898, 135),
        (899, 135),
        (900, 136),
        (901, 136),
        (902, 136),
        (903, 136),
        (904, 136),
        (905, 136),
        (906, 136),
        (907, 136),
        (908, 137),
        (909, 137),
        (910, 137),
        (911, 137),
        (912, 137),
        (913, 137),
        (914, 137),
        (915, 137),
        (916, 137),
        (917, 138),
        (918, 138),
        (919, 138),
        (920, 138),
        (921, 138),
        (922, 138),
        (923, 138),
        (924, 138),
        (925, 138),
        (926, 139),
        (927, 139),
        (928, 139),
        (929, 139),
        (930, 139),
        (931, 139),
        (932, 139),
        (933, 139),
        (934, 140),
        (935, 140),
        (936, 140),
        (937, 140),
        (938, 140),
        (939, 140),
        (940, 140),
        (941, 140),
        (942, 141),
        (943, 141),
        (944, 141),
        (945, 141),
        (946, 141),
        (947, 141),
        (948, 141),
        (949, 142),
        (950, 142),
        (951, 142),
        (952, 143),
        (953, 143),
        (954, 144),
        (955, 144),
        (956, 144),
        (957, 144),
        (958, 145),
        (959, 145),
        (960, 145),
        (961, 145),
        (962, 145),
        (963, 146),
        (964, 146),
        (965, 146),
        (966, 146),
        (967, 146),
        (968, 147),
        (969, 147),
        (970, 147),
        (971, 147),
        (972, 147),
        (973, 148),
        (974, 148),
        (975, 148),
        (976, 148),
        (977, 149),
        (978, 149),
        (979, 149),
        (980, 149),
        (981, 149),
        (982, 150),
        (983, 150),
        (984, 150),
        (985, 150),
        (986, 150),
        (987, 150),
        (988, 151),
        (989, 151),
        (990, 151),
        (991, 151),
        (992, 151),
        (993, 151),
        (994, 151),
        (995, 152),
        (996, 152),
        (997, 152),
        (998, 152),
        (999, 152),
        (1000, 152),
        (1001, 153),
        (1002, 153),
        (1003, 154),
        (1004, 154),
        (1005, 154),
        (1006, 154),
        (1007, 154),
        (1008, 154),
        (1009, 155),
        (1010, 155),
        (1011, 155),
        (1012, 155),
        (1013, 155),
        (1014, 155),
        (1015, 156),
        (1016, 156),
        (1017, 156),
        (1018, 156),
        (1019, 156),
        (1020, 156),
        (1021, 156),
        (1022, 156),
        (1023, 157),
        (1024, 157),
        (1025, 157),
        (1026, 157),
        (1027, 157),
        (1028, 157),
        (1029, 158),
        (1030, 158),
        (1031, 158),
        (1032, 158),
        (1033, 158),
        (1034, 158),
        (1035, 158),
        (1036, 159),
        (1037, 159),
        (1038, 159),
        (1039, 159),
        (1040, 159),
        (1041, 159),
        (1042, 159),
        (1043, 159),
        (1044, 159),
        (1045, 160),
        (1046, 160),
        (1047, 160),
        (1048, 160),
        (1049, 160),
        (1050, 160),
        (1051, 160),
        (1052, 161),
        (1053, 161),
        (1054, 161),
        (1055, 161),
        (1056, 161),
        (1057, 161),
        (1058, 161),
        (1059, 161),
        (1060, 162),
        (1061, 162),
        (1062, 162),
        (1063, 162),
        (1064, 162),
        (1065, 162),
        (1066, 162),
        (1067, 162),
        (1068, 163),
        (1069, 163),
        (1070, 163),
        (1071, 163),
        (1072, 163),
        (1073, 163),
        (1074, 163),
        (1075, 164),
        (1076, 164),
        (1077, 164),
        (1078, 164),
        (1079, 164),
        (1080, 165),
        (1081, 165),
        (1082, 165),
        (1083, 165),
        (1084, 165),
        (1085, 165),
        (1086, 165),
        (1087, 165),
        (1088, 166),
        (1089, 166),
        (1090, 166),
        (1091, 166),
        (1092, 166),
        (1093, 166),
        (1094, 166),
        (1095, 167),
        (1096, 167),
        (1097, 167),
        (1098, 167),
        (1099, 167),
        (1100, 167),
        (1101, 167),
        (1102, 168),
        (1103, 168),
        (1104, 168),
        (1105, 168),
        (1106, 168),
        (1107, 168),
        (1108, 168),
        (1109, 169),
        (1110, 169),
        (1111, 169),
        (1112, 169),
        (1113, 169),
        (1114, 169),
        (1115, 169),
        (1116, 169),
        (1117, 170),
        (1118, 170),
        (1119, 170),
        (1120, 170),
        (1121, 170),
        (1122, 170),
        (1123, 170),
        (1124, 170),
        (1125, 171),
        (1126, 171),
        (1127, 171),
        (1128, 171),
        (1129, 171),
        (1130, 171),
        (1131, 171),
        (1132, 171),
        (1133, 172),
        (1134, 172),
        (1135, 172),
        (1136, 172),
        (1137, 172),
        (1138, 172),
        (1139, 172),
        (1140, 173),
        (1141, 173),
        (1142, 173),
        (1143, 173),
        (1144, 173),
        (1145, 173),
        (1146, 173),
        (1147, 174),
        (1148, 174),
        (1149, 174),
        (1150, 174),
        (1151, 174),
        (1152, 174),
        (1153, 174),
        (1154, 174),
        (1155, 175),
        (1156, 175),
        (1157, 175),
        (1158, 175),
        (1159, 175),
        (1160, 175),
        (1161, 175),
        (1162, 176),
        (1163, 176),
        (1164, 176),
        (1165, 176),
        (1166, 176),
        (1167, 176),
        (1168, 176),
        (1169, 176),
        (1170, 177),
        (1171, 177),
        (1172, 177),
        (1173, 177),
        (1174, 177),
        (1175, 177),
        (1176, 177),
        (1177, 177),
        (1178, 178),
        (1179, 178),
        (1180, 178),
        (1181, 179),
        (1182, 179),
        (1183, 179),
        (1184, 179),
        (1185, 179),
        (1186, 179),
        (1187, 179),
        (1188, 180),
        (1189, 180),
        (1190, 180),
        (1191, 180),
        (1192, 180),
        (1193, 180),
        (1194, 180),
        (1195, 180),
        (1196, 181),
        (1197, 181),
        (1198, 181),
        (1199, 181),
        (1200, 181),
        (1201, 181),
        (1202, 181),
        (1203, 181),
        (1204, 182),
        (1205, 182),
        (1206, 182),
        (1207, 182),
        (1208, 182),
        (1209, 182),
        (1210, 182),
        (1211, 182),
        (1212, 182),
        (1213, 183),
        (1214, 183),
        (1215, 184),
        (1216, 184),
        (1217, 184),
        (1218, 184),
        (1219, 184),
        (1220, 185),
        (1221, 185),
        (1222, 185),
        (1223, 185),
        (1224, 185),
        (1225, 185),
        (1226, 186),
        (1227, 186),
        (1228, 186),
        (1229, 186),
        (1230, 186),
        (1231, 186),
        (1232, 186),
        (1233, 187),
        (1234, 187),
        (1235, 187),
        (1236, 187),
        (1237, 187),
        (1238, 187),
        (1239, 187),
        (1240, 188),
        (1241, 188),
        (1242, 188),
        (1243, 188),
        (1244, 188),
        (1245, 188),
        (1246, 188),
        (1247, 188),
        (1248, 188),
        (1249, 189),
        (1250, 189),
        (1251, 189),
        (1252, 189),
        (1253, 189),
        (1254, 189),
        (1255, 189),
        (1256, 189),
        (1257, 189),
        (1258, 190),
        (1259, 190),
        (1260, 190),
        (1261, 190),
        (1262, 190),
        (1263, 190),
        (1264, 190),
        (1265, 190),
        (1266, 191),
        (1267, 191),
        (1268, 191),
        (1269, 191),
        (1270, 191),
        (1271, 191),
        (1272, 191),
        (1273, 191),
        (1274, 192),
        (1275, 192),
        (1276, 192),
        (1277, 194),
        (1278, 194),
        (1279, 194),
        (1280, 194),
        (1281, 194),
        (1282, 194),
        (1283, 194),
        (1284, 194),
        (1285, 194),
        (1286, 195),
        (1287, 195),
        (1288, 195),
        (1289, 195),
        (1290, 195),
        (1291, 196),
        (1292, 196),
        (1293, 196),
        (1294, 196),
        (1295, 196),
        (1296, 196),
        (1297, 196),
        (1298, 197),
        (1299, 197),
        (1300, 197),
        (1301, 197),
        (1302, 198),
        (1303, 198),
        (1304, 198),
        (1305, 198),
        (1306, 198),
        (1307, 198),
        (1308, 198),
        (1309, 198),
        (1310, 198),
        (1311, 199),
        (1312, 199),
        (1313, 199),
        (1314, 199),
        (1315, 199),
        (1316, 200),
        (1317, 200),
        (1318, 200),
        (1319, 200),
        (1320, 200),
        (1321, 200),
        (1322, 200),
        (1323, 201),
        (1324, 201),
        (1325, 201),
        (1326, 201),
        (1327, 201),
        (1328, 201),
        (1329, 201),
        (1330, 202),
        (1331, 202),
        (1332, 202),
        (1333, 202),
        (1334, 202),
        (1335, 202),
        (1336, 202),
        (1337, 202),
        (1338, 203),
        (1339, 203),
        (1340, 203),
        (1341, 203),
        (1342, 203),
        (1343, 203),
        (1344, 203),
        (1345, 203),
        (1346, 204),
        (1347, 204),
        (1348, 204),
        (1349, 204),
        (1350, 204),
        (1351, 204),
        (1352, 204),
        (1353, 204),
        (1354, 205),
        (1355, 205),
        (1356, 205),
        (1357, 205),
        (1358, 205),
        (1359, 205),
        (1360, 205),
        (1361, 207),
        (1362, 207),
        (1363, 207),
        (1364, 207),
        (1365, 208),
        (1366, 208),
        (1367, 208),
        (1368, 208),
        (1369, 208),
        (1370, 208),
        (1371, 208),
        (1372, 208),
        (1373, 208),
        (1374, 209),
        (1375, 209),
        (1376, 209),
        (1377, 209),
        (1378, 209),
        (1379, 209),
        (1380, 209),
        (1381, 209),
        (1382, 209),
        (1383, 210),
        (1384, 210),
        (1385, 210),
        (1386, 210),
        (1387, 210),
        (1388, 210),
        (1389, 211),
        (1390, 211),
        (1391, 212),
        (1392, 212),
        (1393, 212),
        (1394, 212),
        (1395, 212),
        (1396, 212),
        (1397, 212),
        (1398, 212),
        (1399, 212),
        (1400, 213),
        (1401, 213),
        (1402, 213),
        (1403, 213),
        (1404, 213),
        (1405, 214),
        (1406, 214),
        (1407, 214),
        (1408, 214),
        (1409, 214),
        (1410, 214),
        (1411, 214),
        (1412, 214),
        (1413, 214),
        (1414, 215),
        (1415, 215),
        (1416, 215),
        (1417, 215),
        (1418, 215),
        (1419, 215),
        (1420, 215),
        (1421, 215),
        (1422, 215),
        (1423, 216),
        (1424, 216),
        (1425, 216),
        (1426, 216),
        (1427, 216),
        (1428, 216),
        (1429, 217),
        (1430, 217),
        (1431, 217),
        (1432, 217),
        (1433, 217),
        (1434, 218),
        (1435, 218),
        (1436, 218),
        (1437, 218),
        (1438, 218),
        (1439, 219),
        (1440, 219),
        (1441, 219),
        (1442, 219),
        (1443, 219),
        (1444, 219),
        (1445, 219),
        (1446, 220),
        (1447, 220),
        (1448, 220),
        (1449, 220),
        (1450, 220),
        (1451, 220),
        (1452, 220),
        (1453, 221),
        (1454, 221),
        (1455, 221),
        (1456, 221),
        (1457, 221),
        (1458, 221),
        (1459, 222),
        (1460, 222),
        (1461, 222),
        (1462, 222),
        (1463, 222),
        (1464, 222),
        (1465, 222),
        (1466, 222),
        (1467, 222),
        (1468, 223),
        (1469, 223),
        (1470, 223),
        (1471, 223),
        (1472, 223),
        (1473, 223),
        (1474, 223),
        (1475, 224),
        (1476, 224),
        (1477, 224),
        (1478, 224),
        (1479, 224),
        (1480, 224),
        (1481, 224),
        (1482, 224),
        (1483, 224),
        (1484, 225),
        (1485, 225),
        (1486, 225),
        (1487, 225),
        (1488, 225),
        (1489, 225),
        (1490, 225),
        (1491, 225),
        (1492, 226),
        (1493, 226),
        (1494, 226),
        (1495, 226),
        (1496, 226),
        (1497, 227),
        (1498, 227),
        (1499, 227),
        (1500, 227),
        (1501, 227),
        (1502, 227),
        (1503, 227),
        (1504, 227),
        (1505, 228),
        (1506, 228),
        (1507, 228),
        (1508, 228),
        (1509, 228),
        (1510, 228),
        (1511, 228),
        (1512, 229),
        (1513, 229),
        (1514, 229),
        (1515, 229),
        (1516, 229),
        (1517, 229),
        (1518, 230),
        (1519, 230),
        (1520, 230),
        (1521, 230),
        (1522, 230),
        (1523, 231),
        (1524, 231),
        (1525, 231),
        (1526, 231),
        (1527, 231),
        (1528, 231),
        (1529, 231),
        (1530, 232),
        (1531, 232),
        (1532, 232),
        (1533, 232),
        (1534, 232),
        (1535, 232),
        (1536, 232),
        (1537, 232),
        (1538, 232),
        (1539, 233),
        (1540, 233),
        (1541, 233),
        (1542, 234),
        (1543, 234),
        (1544, 234),
        (1545, 234),
        (1546, 234),
        (1547, 234),
        (1548, 234),
        (1549, 234),
        (1550, 235),
        (1551, 235),
        (1552, 235),
        (1553, 235),
        (1554, 235),
        (1555, 235),
        (1556, 235),
        (1557, 235),
        (1558, 235),
        (1559, 236),
        (1560, 236),
        (1561, 236),
        (1562, 236),
        (1563, 236),
        (1564, 236),
        (1565, 236),
        (1566, 237),
        (1567, 237),
        (1568, 238),
        (1569, 238),
        (1570, 238),
        (1571, 238),
        (1572, 238),
        (1573, 238),
        (1574, 238),
        (1575, 238),
        (1576, 239),
        (1577, 239),
        (1578, 239),
        (1579, 239),
        (1580, 240),
        (1581, 240),
        (1582, 240),
        (1583, 240),
        (1584, 240),
        (1585, 240),
        (1586, 240),
        (1587, 240),
        (1588, 240),
        (1589, 241),
        (1590, 241),
        (1591, 241),
        (1592, 241),
        (1593, 241),
        (1594, 241),
        (1595, 241),
        (1596, 241),
        (1597, 241),
        (1598, 242),
        (1599, 242),
        (1600, 242),
        (1601, 243),
        (1602, 243),
        (1603, 243),
        (1604, 243),
        (1605, 243),
        (1606, 243),
        (1607, 244),
        (1608, 244),
        (1609, 244),
        (1610, 244),
        (1611, 244),
        (1612, 244),
        (1613, 245),
        (1614, 245),
        (1615, 245),
        (1616, 245),
        (1617, 245),
        (1618, 245),
        (1619, 245),
        (1620, 245),
        (1621, 246),
        (1622, 246),
        (1623, 246),
        (1624, 246),
        (1625, 246),
        (1626, 246),
        (1627, 246),
        (1628, 247),
        (1629, 247),
        (1630, 247),
        (1631, 247),
        (1632, 248),
        (1633, 248),
        (1634, 248),
        (1635, 248),
        (1636, 248),
        (1637, 248),
        (1638, 249),
        (1639, 249),
        (1640, 249),
        (1641, 249),
        (1642, 250),
        (1643, 250),
        (1644, 250),
        (1645, 250),
        (1646, 250),
        (1647, 250),
        (1648, 250),
        (1649, 250),
        (1650, 250),
        (1651, 251),
        (1652, 251),
        (1653, 251),
        (1654, 251),
        (1655, 251),
        (1656, 251),
        (1657, 251),
        (1658, 252),
        (1659, 252),
        (1660, 252),
        (1661, 252),
        (1662, 252),
        (1663, 252),
        (1664, 253),
        (1665, 253),
        (1666, 253),
        (1667, 254),
        (1668, 254),
        (1669, 254),
        (1670, 254),
        (1671, 254),
        (1672, 254),
        (1673, 254),
        (1674, 254),
        (1675, 255),
        (1676, 255),
        (1677, 255),
        (1678, 255),
        (1679, 255),
        (1680, 255),
        (1681, 255),
        (1682, 255),
        (1683, 256),
        (1684, 256),
        (1685, 257),
        (1686, 257),
        (1687, 257),
        (1688, 257),
        (1689, 257),
        (1690, 257),
        (1691, 257),
        (1692, 257),
        (1693, 257),
        (1694, 258),
        (1695, 258),
        (1696, 258),
        (1697, 258),
        (1698, 258),
        (1699, 258),
        (1700, 258),
        (1701, 259),
        (1702, 259),
        (1703, 259),
        (1704, 259),
        (1705, 259),
        (1706, 259),
        (1707, 259),
        (1708, 259),
        (1709, 259),
        (1710, 260),
        (1711, 260),
        (1712, 260),
        (1713, 260),
        (1714, 260),
        (1715, 260),
        (1716, 260),
        (1717, 261),
        (1718, 261),
        (1719, 261),
        (1720, 261),
        (1721, 261),
        (1722, 261),
        (1723, 261),
        (1724, 261),
        (1725, 261),
        (1726, 262),
        (1727, 263),
        (1728, 263),
        (1729, 263),
        (1730, 263),
        (1731, 263),
        (1732, 264),
        (1733, 264),
        (1734, 264),
        (1735, 264),
        (1736, 264),
        (1737, 264),
        (1738, 265),
        (1739, 265),
        (1740, 265),
        (1741, 265),
        (1742, 265),
        (1743, 266),
        (1744, 266),
        (1745, 266),
        (1746, 266),
        (1747, 266),
        (1748, 266),
        (1749, 266),
        (1750, 266),
        (1751, 266),
        (1752, 267),
        (1753, 267),
        (1754, 267),
        (1755, 267),
        (1756, 267),
        (1757, 267),
        (1758, 268),
        (1759, 268),
        (1760, 268),
        (1761, 268),
        (1762, 268),
        (1763, 268),
        (1764, 268),
        (1765, 268),
        (1766, 269),
        (1767, 269),
        (1768, 269),
        (1769, 269),
        (1770, 269),
        (1771, 270),
        (1772, 270),
        (1773, 270),
        (1774, 270),
        (1775, 270),
        (1776, 270),
        (1777, 270),
        (1778, 270),
        (1779, 270),
        (1780, 271),
        (1781, 271),
        (1782, 271),
        (1783, 271),
        (1784, 271),
        (1785, 272),
        (1786, 272),
        (1787, 272),
        (1788, 272),
        (1789, 272),
        (1790, 272),
        (1791, 273),
        (1792, 273),
        (1793, 273),
        (1794, 273),
        (1795, 273),
        (1796, 273),
        (1797, 273),
        (1798, 274),
        (1799, 274),
        (1800, 274),
        (1801, 274),
        (1802, 274),
        (1803, 274),
        (1804, 274),
        (1805, 275),
        (1806, 275),
        (1807, 276),
        (1808, 276),
        (1809, 276),
        (1810, 277),
        (1811, 277),
        (1812, 277),
        (1813, 277),
        (1814, 277),
        (1815, 277),
        (1816, 277),
        (1817, 278),
        (1818, 278),
        (1819, 278),
        (1820, 278),
        (1821, 278),
        (1822, 278),
        (1823, 278),
        (1824, 279),
        (1825, 279),
        (1826, 279),
        (1827, 280),
        (1828, 280),
        (1829, 280),
        (1830, 280),
        (1831, 280),
        (1832, 280),
        (1833, 281),
        (1834, 281),
        (1835, 281),
        (1836, 281),
        (1837, 281),
        (1838, 282),
        (1839, 282),
        (1840, 282),
        (1841, 282),
        (1842, 282),
        (1843, 283),
        (1844, 283),
        (1845, 283),
        (1846, 283),
        (1847, 283),
        (1848, 283),
        (1849, 284),
        (1850, 284),
        (1851, 284),
        (1852, 284),
        (1853, 284),
        (1854, 284),
        (1855, 285),
        (1856, 285),
        (1857, 285),
        (1858, 285),
        (1859, 285),
        (1860, 285),
        (1861, 285),
        (1862, 285),
        (1863, 286),
        (1864, 286),
        (1865, 286);