# In production you would almost certainly limit the replication user must be on the follower (slave) machine,
# to prevent other clients accessing the log from other machines. For example, 'replicator'@'follower.acme.com'.
#
# However, this grant is equivalent to specifying *any* hosts, which makes this easier since the docker host
# is not easily known to the Docker container. But don't do this in production.
#
GRANT REPLICATION SLAVE, REPLICATION CLIENT ON *.* TO 'replicator' IDENTIFIED BY 'replpass';
GRANT SELECT, RELOAD, SHOW DATABASES, REPLICATION SLAVE, REPLICATION CLIENT  ON *.* TO 'debezium' IDENTIFIED BY 'dbz';

# Create the database that we'll use to populate data and watch the effect in the binlog
CREATE DATABASE inventory;
GRANT ALL PRIVILEGES ON inventory.* TO 'mysqluser'@'%';

# Switch to this database
USE inventory;

# Create and populate our products using a single insert with many rows
# Create and populate our products using a single insert with many rows
CREATE TABLE products (
  id INTEGER NOT NULL AUTO_INCREMENT PRIMARY KEY,
  name VARCHAR(255) NOT NULL,
  description VARCHAR(512),
  weight FLOAT
);
ALTER TABLE products AUTO_INCREMENT = 101;

INSERT INTO products
VALUES (default,"scooter","Small 2-wheel scooter",3.14),
       (default,"car battery","12V car battery",8.1),
       (default,"12-pack drill bits","12-pack of drill bits with sizes ranging from #40 to #3",0.8),
       (default,"hammer","12oz carpenter's hammer",0.75),
       (default,"hammer","14oz carpenter's hammer",0.875),
       (default,"hammer","16oz carpenter's hammer",1.0),
       (default,"rocks","box of assorted rocks",5.3),
       (default,"jacket","water resistent black wind breaker",0.1),
       (default,"spare tire","24 inch spare tire",22.2);

# Create and populate the products on hand using multiple inserts
CREATE TABLE products_on_hand (
  product_id INTEGER NOT NULL PRIMARY KEY,
  quantity INTEGER NOT NULL,
  FOREIGN KEY (product_id) REFERENCES products(id)
);

INSERT INTO products_on_hand VALUES (101,3);
INSERT INTO products_on_hand VALUES (102,8);
INSERT INTO products_on_hand VALUES (103,18);
INSERT INTO products_on_hand VALUES (104,4);
INSERT INTO products_on_hand VALUES (105,5);
INSERT INTO products_on_hand VALUES (106,0);
INSERT INTO products_on_hand VALUES (107,44);
INSERT INTO products_on_hand VALUES (108,2);
INSERT INTO products_on_hand VALUES (109,5);

# Create some customers ...
CREATE TABLE customers (
  id INTEGER NOT NULL AUTO_INCREMENT PRIMARY KEY,
  first_name VARCHAR(255) NOT NULL,
  last_name VARCHAR(255) NOT NULL,
  email VARCHAR(255) NOT NULL UNIQUE KEY
) AUTO_INCREMENT=1001;


INSERT INTO customers
VALUES (default,"Sally","Thomas","sally.thomas@acme.com"),
       (default,"George","Bailey","gbailey@foobar.com"),
       (default,"Edward","Walker","ed@walker.com"),
       (default,"Anne","Kretchmar","annek@noanswer.org");

# Create some fake addresses
CREATE TABLE addresses (
  id INTEGER NOT NULL AUTO_INCREMENT PRIMARY KEY,
  customer_id INTEGER NOT NULL,
  street VARCHAR(255) NOT NULL,
  city VARCHAR(255) NOT NULL,
  state VARCHAR(255) NOT NULL,
  zip VARCHAR(255) NOT NULL,
  type enum('SHIPPING','BILLING','LIVING') NOT NULL,
  FOREIGN KEY address_customer (customer_id) REFERENCES customers(id)
) AUTO_INCREMENT = 10;

INSERT INTO addresses
VALUES (default,1001,'3183 Moore Avenue','Euless','Texas','76036','SHIPPING'),
       (default,1001,'2389 Hidden Valley Road','Harrisburg','Pennsylvania','17116','BILLING'),
       (default,1002,'281 Riverside Drive','Augusta','Georgia','30901','BILLING'),
       (default,1003,'3787 Brownton Road','Columbus','Mississippi','39701','SHIPPING'),
       (default,1003,'2458 Lost Creek Road','Bethlehem','Pennsylvania','18018','SHIPPING'),
       (default,1003,'4800 Simpson Square','Hillsdale','Oklahoma','73743','BILLING'),
       (default,1004,'1289 University Hill Road','Canehill','Arkansas','72717','LIVING');

# Create some very simple orders
CREATE TABLE orders (
  order_number INTEGER NOT NULL AUTO_INCREMENT PRIMARY KEY,
  order_date DATE NOT NULL,
  purchaser INTEGER NOT NULL,
  quantity INTEGER NOT NULL,
  product_id INTEGER NOT NULL,
  FOREIGN KEY order_customer (purchaser) REFERENCES customers(id),
  FOREIGN KEY ordered_product (product_id) REFERENCES products(id)
) AUTO_INCREMENT = 10001;

INSERT INTO orders
VALUES (default, '2016-01-16', 1001, 1, 102),
       (default, '2016-01-17', 1002, 2, 105),
       (default, '2016-02-19', 1002, 2, 106),
       (default, '2016-02-21', 1003, 1, 107);

# Create table with Spatial/Geometry type
CREATE TABLE geom (
	id INTEGER NOT NULL AUTO_INCREMENT PRIMARY KEY,
	g GEOMETRY NOT NULL,
	h GEOMETRY);

INSERT INTO geom
VALUES(default, ST_GeomFromText('POINT(1 1)'), NULL),
      (default, ST_GeomFromText('LINESTRING(2 1, 6 6)'), NULL),
      (default, ST_GeomFromText('POLYGON((0 5, 2 5, 2 7, 0 7, 0 5))'), NULL);

# Create some actors ...
CREATE TABLE actors (
  actor_id INTEGER NOT NULL AUTO_INCREMENT PRIMARY KEY,
  first_name VARCHAR(255) NOT NULL,
  last_name VARCHAR(255) NOT NULL,
  dob INTEGER
 ) AUTO_INCREMENT=2000;

# Create some movies ...
CREATE TABLE movies (
  movie_id INTEGER NOT NULL AUTO_INCREMENT PRIMARY KEY,
  title VARCHAR(255) NOT NULL,
  genre VARCHAR(20) NOT NULL,
  votes INTEGER,
  rating FLOAT,
  release_year INTEGER
 ) AUTO_INCREMENT=300;


CREATE TABLE movies_actors (
 actor_id INTEGER NOT NULL,
 movie_id INTEGER  NOT NULL,
 last_update TIMESTAMP NOT NULL DEFAULT CURRENT_TIMESTAMP ON UPDATE CURRENT_TIMESTAMP,
 PRIMARY KEY  (actor_id,movie_id),
 KEY idx_fk_film_id (`movie_id`),
 CONSTRAINT fk_movie_actor_actor FOREIGN KEY (actor_id) REFERENCES actors (actor_id) ON DELETE RESTRICT ON UPDATE CASCADE,
 CONSTRAINT fk_movie_actor_film FOREIGN KEY (movie_id) REFERENCES movies (movie_id) ON DELETE RESTRICT ON UPDATE CASCADE
);


INSERT INTO actors
VALUES (1,"Chris", "Pratt", 1979),
       (2,"Zoe", "Saldana", 1978),
       (3,"Dave", "Bautista", 1969),
       (4,"Vin", "Diesel", 1967),
       (5,"Bradley", "Cooper", 1975),
       (6,"Lee", "Pace", 1979),
       (7,"Michael", "Rooker", 1955),
       (8,"Karen", "Gillan", 1987),
       (9,"Djimon", "Hounsou", 1964),
       (10,"Ellen", "Burstyn", 1932),
       (11,"Matthew", "McConaughey", 1969),
       (12,"Mackenzie", "Foy", 2000),
       (13,"John", "Lithgow", 1945),
       (14,"David", "Oyelowo", 1976),
       (15,"Collette", "Wolfe", 1980),
       (16,"Francis", "X. McCarthy", 1942),
       (17,"Bill", "Irwin", 1950),
       (18,"Ralph", "Fiennes", 1962),
       (19,"F.", "Murray Abraham", 1939),
       (20,"Mathieu", "Amalric", 1965),
       (21,"Adrien", "Brody", 1973),
       (22,"Willem", "Dafoe", 1955),
       (23,"Jeff", "Goldblum", 1952),
       (24,"Harvey", "Keitel", 1939),
       (25,"Jude", "Law", 1972),
       (26,"Bill", "Murray", 1950),
       (27,"Ben", "Affleck", 1972),
       (28,"Rosamund", "Pike", 1979),
       (29,"Neil", "Patrick Harris", 1973),
       (30,"Tyler", "Perry", 1969),
       (31,"Carrie", "Coon", 1981),
       (32,"Kim", "Dickens", 1965),
       (33,"Patrick", "Fugit", 1982),
       (34,"David", "Clennon", 1943),
       (35,"Lisa", "Banes", 1955),
       (36,"Benedict", "Cumberbatch", 1976),
       (37,"Keira", "Knightley", 1985),
       (38,"Matthew", "Goode", 1978),
       (39,"Rory", "Kinnear", 1978),
       (40,"Allen", "Leech", 1981),
       (41,"Matthew", "Beard", 1989),
       (42,"Charles", "Dance", 1946),
       (43,"Mark", "Strong", 1963),
       (44,"Keanu", "Reeves", 1964),
       (45,"Michael", "Nyqvist", 1960),
       (46,"Alfie", "Allen", 1986),
       (47,"Dean", "Winters", 1964),
       (48,"Adrianne", "Palicki", 1983),
       (49,"Omer", "Barnea", 1980),
       (50,"Daniel", "Bernhardt", 1965),
       (51,"Hugh", "Jackman", 1968),
       (52,"James", "McAvoy", 1979),
       (53,"Michael", "Fassbender", 1977),
       (54,"Jennifer", "Lawrence", 1990),
       (55,"Halle", "Berry", 1966),
       (56,"Nicholas", "Hoult", 1989),
       (57,"Anna", "Paquin", 1982),
       (58,"Ellen", "Page", 1987),
       (59,"Peter", "Dinklage", 1969),
       (60,"Elizabeth", "Reaser", 1975),
       (61,"Henry", "Thomas", 1971),
       (62,"Doug", "Jones", 1960),
       (63,"Kate", "Siegel", 1982),
       (64,"Denzel", "Washington", 1954),
       (65,"Marton", "Csokas", 1966),
       (66,"David", "Harbour", 1975),
       (67,"Haley", "Bennett", 1988),
       (68,"Bill", "Pullman", 1953),
       (69,"Melissa", "Leo", 1960),
       (70,"David", "Meunier", 1973),
       (71,"Angelina", "Jolie", 1975),
       (72,"Elle", "Fanning", 1998),
       (73,"Sharlto", "Copley", 1973),
       (74,"Lesley", "Manville", 1956),
       (75,"Imelda", "Staunton", 1956),
       (76,"Juno", "Temple", 1989),
       (77,"Sam", "Riley", 1980),
       (78,"Brenton", "Thwaites", 1989),
       (79,"Kenneth", "Cranham", 1944),
       (80,"Miles", "Teller", 1987),
       (81,"J.K.", "Simmons", 1955),
       (82,"Paul", "Reiser", 1957),
       (83,"Melissa", "Benoist", 1988),
       (84,"Chris", "Mulkey", 1948),
       (85,"Brad", "Pitt", 1963),
       (86,"Shia", "LaBeouf", 1986),
       (87,"Logan", "Lerman", 1992),
       (88,"Jon", "Bernthal", 1976),
       (89,"Jim", "Parrack", 1981),
       (90,"Brad", "William Henke", 1966),
       (91,"Xavier", "Samuel", 1983),
       (92,"Colin", "Firth", 1960),
       (93,"Jonno", "Davies", 1992),
       (94,"Jack", "Davenport", 1973),
       (95,"Samantha", "Womack", 1972),
       (96,"Mark", "Hamill", 1951),
       (97,"Velibor", "Topic", 1970),
       (98,"Keir", "Gilchrist", 1992),
       (99,"Maika", "Monroe", 1993),
       (100,"Lili", "Sepe", 1997),
       (101,"Olivia", "Luccardi", 1989),
       (102,"Tom", "Cruise", 1962),
       (103,"Emily", "Blunt", 1983),
       (104,"Brendan", "Gleeson", 1955),
       (105,"Bill", "Paxton", 1955),
       (106,"Jonas", "Armstrong", 1981),
       (107,"Tony", "Way", 1978),
       (108,"Kick", "Gurry", 1978),
       (109,"Franz", "Drameh", 1993),
       (110,"Eddie", "Redmayne", 1982),
       (111,"Felicity", "Jones", 1983),
       (112,"Harry", "Lloyd", 1983),
       (113,"Alice", "Orr-Ewing", 1989),
       (114,"David", "Thewlis", 1963),
       (115,"Thomas", "Morrison", 1983),
       (116,"Essie", "Davis", 1970),
       (117,"Hayley", "McElhinney", 1974),
       (118,"Daniel", "Henshall", 1982),
       (119,"Shailene", "Woodley", 1991),
       (120,"Theo", "James", 1984),
       (121,"Ashley", "Judd", 1968),
       (122,"Jai", "Courtney", 1986),
       (123,"Ray", "Stevenson", 1964),
       (124,"Tony", "Goldwyn", 1960),
       (125,"Ansel", "Elgort", 1994),
       (126,"Mickey", "Rourke", 1952),
       (127,"Jessica", "Alba", 1981),
       (128,"Josh", "Brolin", 1968),
       (129,"Joseph", "Gordon-Levitt", 1981),
       (130,"Rosario", "Dawson", 1979),
       (131,"Bruce", "Willis", 1955),
       (132,"Eva", "Green", 1980),
       (133,"Powers", "Boothe", 1948),
       (134,"Dennis", "Haysbert", 1954),
       (135,"Aaron", "Paul", 1979),
       (136,"Dominic", "Cooper", 1978),
       (137,"Imogen", "Poots", 1989),
       (138,"Scott", "Mescudi", 1984),
       (139,"Rami", "Malek", 1981),
       (140,"Ramon", "Rodriguez", 1979),
       (141,"Dakota", "Johnson", 1989),
       (142,"Stevie", "Ray Dallimore", 1967),
       (143,"Andrew", "Garfield", 1983),
       (144,"Emma", "Stone", 1988),
       (145,"Jamie", "Foxx", 1967),
       (146,"Dane", "DeHaan", 1986),
       (147,"Colm", "Feore", 1958),
       (148,"Paul", "Giamatti", 1967),
       (149,"Sally", "Field", 1946),
       (150,"Embeth", "Davidtz", 1965),
       (151,"Luke", "Evans", 1979),
       (152,"Sarah", "Gadon", 1987),
       (153,"Art", "Parkinson", 2001),
       (154,"Paul", "Kaye", 1965),
       (155,"William", "Houston", 1968),
       (156,"Noah", "Huntley", 1974),
       (157,"Diego", "Luna", 1979),
       (158,"Channing", "Tatum", 1980),
       (159,"Ron", "Perlman", 1950),
       (160,"Christina", "Applegate", 1971),
       (161,"Ice", "Cube", 1969),
       (162,"Kate", "del Castillo", 1972),
       (163,"Hector", "Elizondo", 1936),
       (164,"Danny", "Trejo", 1944),
       (165,"Frank", "Grillo", 1965),
       (166,"Carmen", "Ejogo", 1973),
       (167,"Zach", "Gilford", 1982),
       (168,"Kiele", "Sanchez", 1977),
       (169,"Justina", "Machado", 1972),
       (170,"John", "Beasley", 1943),
       (171,"Noel", "Gugliemi", 1970),
       (172,"Chris", "Evans", 1981),
       (173,"Samuel", "L. Jackson", 1948),
       (174,"Scarlett", "Johansson", 1984),
       (175,"Robert", "Redford", 1936),
       (176,"Sebastian", "Stan", 1982),
       (177,"Anthony", "Mackie", 1978),
       (178,"Cobie", "Smulders", 1982),
       (179,"Mark", "Wahlberg", 1971),
       (180,"Stanley", "Tucci", 1960),
       (181,"Kelsey", "Grammer", 1955),
       (182,"Nicola", "Peltz", 1995),
       (183,"Jack", "Reynor", 1992),
       (184,"Titus", "Welliver", 1961),
       (185,"Sophia", "Myles", 1980),
       (186,"Bingbing", "Li", 1973),
       (187,"T.J.", "Miller", 1981),
       (188,"Megan", "Fox", 1986),
       (189,"Will", "Arnett", 1970),
       (190,"William", "Fichtner", 1956),
       (191,"Alan", "Ritchson", 1984),
       (192,"Noel", "Fisher", 1984),
       (193,"Pete", "Ploszek", 1987),
       (194,"Johnny", "Knoxville", 1971),
       (195,"Jeremy", "Howard", 1981),
       (196,"Danny", "Woodburn", 1964),
       (197,"Tom", "Ellis", 1978),
       (198,"Lauren", "German", 1978),
       (199,"Kevin", "Alejandro", 1976),
       (200,"D.B.", "Woodside", 1969),
       (201,"Rachael", "Harris", 1968),
       (202,"Tricia", "Helfer", 1974),
       (203,"Aimee", "Garcia", 1978),
       (204,"Ian", "McKellen", 1939),
       (205,"Martin", "Freeman", 1971),
       (206,"Richard", "Armitage", 1971),
       (207,"Ken", "Stott", 1955),
       (208,"Graham", "McTavish", 1961),
       (209,"James", "Nesbitt", 1965),
       (210,"Dean", "O'Gorman", 1976),
       (211,"Laura", "Allen", 1974),
       (212,"Peter", "Stormare", 1953),
       (213,"Christian", "Distefano", 2005),
       (214,"Elizabeth", "Whitmere", 1981),
       (215,"Michael", "Keaton", 1951),
       (216,"Zach", "Galifianakis", 1969),
       (217,"Naomi", "Watts", 1968),
       (218,"Andrea", "Riseborough", 1981),
       (219,"Bruce", "Campbell", 1958),
       (220,"Ellen", "Sandweiss", 1958),
       (221,"Betsy", "Baker", 1955),
       (222,"Theresa", "Tilly", 1953),
       (223,"Jeff", "Bridges", 1949),
       (224,"Meryl", "Streep", 1949),
       (225,"Katie", "Holmes", 1978),
       (226,"Odeya", "Rush", 1997),
       (227,"Cameron", "Monaghan", 1993),
       (228,"Taylor", "Swift", 1989),
       (229,"Jemaine", "Clement", 1974),
       (230,"Taika", "Waititi", 1975),
       (231,"Hiroki", "Hasegawa", 1977),
       (232,"Yutaka", "Takenouchi", 1971),
       (233,"Satomi", "Ishihara", 1986),
       (234,"Ren", "Ohsugi", 1951),
       (235,"Akira", "Emoto", 1948),
       (236,"Mikako", "Ichikawa", 1978),
       (237,"Jun", "Kunimura", 1955),
       (238,"Pierre", "Taki", 1967),
       (239,"Dylan", "O'Brien", 1991),
       (240,"Aml", "Ameen", 1985),
       (241,"Thomas", "Brodie-Sangster", 1990),
       (242,"Will", "Poulter", 1993),
       (243,"Kaya", "Scodelario", 1992),
       (244,"Chris", "Sheffield", 1988),
       (245,"Jake", "Gyllenhaal", 1980),
       (246,"Michael", "Papajohn", 1964),
       (247,"James", "Huang", 1977),
       (248,"Kent", "Shocknek", 1956),
       (249,"Sharon", "Tay", 1966),
       (250,"Nat", "Wolff", 1994),
       (251,"Laura", "Dern", 1967),
       (252,"Sam", "Trammell", 1969),
       (253,"Lotte", "Verbeek", 1982),
       (254,"Randy", "Kovitz", 1955),
       (255,"Dwayne", "Johnson", 1972),
       (256,"Ian", "McShane", 1942),
       (257,"John", "Hurt", 1940),
       (258,"Rufus", "Sewell", 1967),
       (259,"Aksel", "Hennie", 1975),
       (260,"Reece", "Ritchie", 1986),
       (261,"Joseph", "Fiennes", 1970),
       (262,"Tobias", "Santelmann", 1980),
       (263,"Seth", "Rogen", 1982),
       (264,"Rose", "Byrne", 1979),
       (265,"Brian", "Huskey", 1968),
       (266,"Ike", "Barinholtz", 1977),
       (267,"Carla", "Gallo", 1975),
       (268,"Zac", "Efron", 1987),
       (269,"Dave", "Franco", 1985),
       (270,"Sylvester", "Stallone", 1946),
       (271,"Jason", "Statham", 1967),
       (272,"Harrison", "Ford", 1942),
       (273,"Arnold", "Schwarzenegger", 1947),
       (274,"Mel", "Gibson", 1956),
       (275,"Wesley", "Snipes", 1962),
       (276,"Dolph", "Lundgren", 1957),
       (277,"Randy", "Couture", 1963),
       (278,"Terry", "Crews", 1968),
       (279,"Elizabeth", "Banks", 1974),
       (280,"Alison", "Brie", 1982),
       (281,"Anthony", "Daniels", 1946),
       (282,"Charlie", "Day", 1976),
       (283,"Keith", "Ferguson", 1972),
       (284,"Lily", "Collins", 1989),
       (285,"Sam", "Claflin", 1986),
       (286,"Christian", "Cooke", 1987),
       (287,"Jaime", "Winstone", 1985),
       (288,"Suki", "Waterhouse", 1992),
       (289,"Tamsin", "Egerton", 1988),
       (290,"Jamie", "Beamish", 1976),
       (291,"Lorcan", "Cranitch", 1959),
       (292,"Ellar", "Coltrane", 1994),
       (293,"Patricia", "Arquette", 1968),
       (294,"Lorelei", "Linklater", 1994),
       (295,"Ethan", "Hawke", 1970),
       (296,"Kyle", "Gallner", 1986),
       (297,"Ben", "Reed", 1965),
       (298,"Keir", "O'Donnell", 1978),
       (299,"Scott", "Adsit", 1965),
       (300,"Daniel", "Henney", 1979),
       (301,"Jamie", "Chung", 1983),
       (302,"Damon", "Wayans Jr.", 1982),
       (303,"Genesis", "Rodriguez", 1987),
       (304,"James", "Cromwell", 1940),
       (305,"Alan", "Tudyk", 1971),
       (306,"Josh", "Hutcherson", 1992),
       (307,"Liam", "Hemsworth", 1990),
       (308,"Woody", "Harrelson", 1961),
       (309,"Donald", "Sutherland", 1935),
       (310,"Philip", "Seymour Hoffman", 1967),
       (311,"Julianne", "Moore", 1960),
       (312,"Willow", "Shields", 2000),
       (313,"Russell", "Crowe", 1964),
       (314,"Jennifer", "Connelly", 1970),
       (315,"Ray", "Winstone", 1957),
       (316,"Anthony", "Hopkins", 1937),
       (317,"Emma", "Watson", 1990),
       (318,"Douglas", "Booth", 1992),
       (319,"Nick", "Nolte", 1941),
       (320,"Mark", "Margolis", 1939),
       (321,"Jack", "O'Connell", 1990),
       (322,"Domhnall", "Gleeson", 1983),
       (323,"Garrett", "Hedlund", 1984),
       (324,"Finn", "Wittrock", 1984),
       (325,"Vincenzo", "Amato", 1966),
       (326,"Amy", "Adams", 1974),
       (327,"Christoph", "Waltz", 1956),
       (328,"Danny", "Huston", 1962),
       (329,"Krysten", "Ritter", 1981),
       (330,"Jason", "Schwartzman", 1980),
       (331,"Terence", "Stamp", 1938),
       (332,"Jon", "Polito", 1950),
       (333,"Madeleine", "Arthur", 1997),
       (334,"Michael", "Pitt", 1981),
       (335,"Steven", "Yeun", 1983),
       (336,"Brit", "Marling", 1982),
       (337,"Charles", "Woods Gray", 1949),
       (338,"Joanna", "Newsom", 1982),
       (339,"Katherine", "Waterston", 1980),
       (340,"Joaquin", "Phoenix", 1974),
       (341,"Jeannie", "Berlin", 1949),
       (342,"Eric", "Roberts", 1956),
       (343,"Serena", "Scott Thomas", 1961),
       (344,"Rita", "Cortese", 1949),
       (345,"Julieta", "Zylberberg", 1983),
       (346,"Leonardo", "Sbaraglia", 1970),
       (347,"Jill", "Larson", 1947),
       (348,"Anne", "Ramsay", 1960),
       (349,"Michelle", "Ang", 1983),
       (350,"Brett", "Gentile", 1973),
       (351,"Ryan", "Cutrona", 1949),
       (352,"Anne", "Bedian", 1972),
       (353,"Sullivan", "Stapleton", 1977),
       (354,"Lena", "Headey", 1973),
       (355,"Hans", "Matheson", 1975),
       (356,"Callan", "Mulvey", 1975),
       (357,"David", "Wenham", 1965),
       (358,"Rodrigo", "Santoro", 1975),
       (359,"Andrew", "Tiernan", 1965),
       (360,"Jonah", "Hill", 1983),
       (361,"Wyatt", "Russell", 1986),
       (362,"Amber", "Stevens West", 1986),
       (363,"Michelle", "Monaghan", 1976),
       (364,"James", "Marsden", 1973),
       (365,"Liana", "Liberato", 1995),
       (366,"Gerald", "McRaney", 1947),
       (367,"Caroline", "Goodall", 1959),
       (368,"Clarke", "Peters", 1952),
       (369,"Sebastian", "Arcelus", 1976),
       (370,"Jon", "Tenney", 1961),
       (371,"Zoey", "Deutch", 1994),
       (372,"Danila", "Kozlovsky", 1985),
       (373,"Gabriel", "Byrne", 1950),
       (374,"Olga", "Kurylenko", 1979),
       (375,"Sarah", "Hyland", 1990),
       (376,"Sami", "Gayle", 1996),
       (377,"Ben", "Barnes", 1981),
       (378,"Alicia", "Vikander", 1988),
       (379,"Antje", "Traue", 1981),
       (380,"Olivia", "Williams", 1968),
       (381,"Kit", "Harington", 1986),
       (382,"Eric", "Bana", 1968),
       (383,"Olivia", "Munn", 1980),
       (384,"Chris", "Coy", 1986),
       (385,"Dorian", "Missick", 1976),
       (386,"Sean", "Harris", 1966),
       (387,"Joel", "McHale", 1971),
       (388,"Mike", "Houston", 1976),
       (389,"Andy", "Serkis", 1964),
       (390,"Jason", "Clarke", 1969),
       (391,"Gary", "Oldman", 1958),
       (392,"Keri", "Russell", 1976),
       (393,"Toby", "Kebbell", 1982),
       (394,"Kodi", "Smit-McPhee", 1996),
       (395,"Kirk", "Acevedo", 1971),
       (396,"Christian", "Bale", 1974),
       (397,"Joel", "Edgerton", 1974),
       (398,"John", "Turturro", 1957),
       (399,"Ben", "Mendelsohn", 1969),
       (400,"Sigourney", "Weaver", 1949),
       (401,"Ben", "Kingsley", 1943),
       (402,"Annabelle", "Wallis", 1984),
       (403,"Ward", "Horton", 1976),
       (404,"Tony", "Amendola", 1951),
       (405,"Alfre", "Woodard", 1952),
       (406,"Eric", "Ladin", 1978),
       (407,"Ivar", "Brogger", 1947),
       (408,"Karl", "Urban", 1972),
       (409,"Wentworth", "Miller", 1972),
       (410,"Eric", "Stonestreet", 1971),
       (411,"Matthias", "Schoenaerts", 1977),
       (412,"Isabel", "Lucas", 1985),
       (413,"Rachael", "Taylor", 1984),
       (414,"Rhona", "Mitra", 1976),
       (415,"Valerie", "Cruz", 1976),
       (416,"Michael", "Parks", 1940),
       (417,"Justin", "Long", 1978),
       (418,"Haley", "Joel Osment", 1988),
       (419,"Johnny", "Depp", 1963),
       (420,"Ralph", "Garman", 1964),
       (421,"Jennifer", "Schwalbach Smith", 1971),
       (422,"Harley", "Quinn Smith", 1999),
       (423,"James", "Franco", 1978),
       (424,"Lizzy", "Caplan", 1982),
       (425,"Timothy", "Simons", 1978),
       (426,"Ryan", "Reynolds", 1976),
       (427,"Gemma", "Arterton", 1986),
       (428,"Anna", "Kendrick", 1985),
       (429,"Jacki", "Weaver", 1947),
       (430,"Ella", "Smith", 1983),
       (431,"Sam", "Spruell", 1977),
       (432,"Aaron", "Eckhart", 1968),
       (433,"Yvonne", "Strahovski", 1982),
       (434,"Miranda", "Otto", 1967),
       (435,"Bill", "Nighy", 1949),
       (436,"Aden", "Young", 1972),
       (437,"Caitlin", "Stasey", 1990),
       (438,"Mahesh", "Jadu", 1982),
       (439,"Robert", "Downey Jr.", 1965),
       (440,"Robert", "Duvall", 1931),
       (441,"Vera", "Farmiga", 1973),
       (442,"Billy", "Bob Thornton", 1955),
       (443,"Vincent", "D'Onofrio", 1959),
       (444,"Dax", "Shepard", 1975),
       (445,"Leighton", "Meester", 1986),
       (446,"Ken", "Howard", 1944),
       (447,"Sienna", "Miller", 1981),
       (448,"Riccardo", "Scamarcio", 1979),
       (449,"Omar", "Sy", 1978),
       (450,"Henry", "Goodman", 1950),
       (451,"Matthew", "Rhys", 1974),
       (452,"Stephen", "Campbell Moore", 1979),
       (453,"Mireille", "Enos", 1975),
       (454,"Jamie", "Blackley", 1991),
       (455,"Joshua", "Leonard", 1975),
       (456,"Stacy", "Keach", 1941),
       (457,"Gabrielle", "Rose", 1954),
       (458,"Jakob", "Davies", 2003),
       (459,"Perdita", "Weeks", 1985),
       (460,"Ben", "Feldman", 1980),
       (461,"Edwin", "Hodge", 1985),
       (462,"Kevin", "Costner", 1955),
       (463,"Amber", "Heard", 1986),
       (464,"Hailee", "Steinfeld", 1996),
       (465,"Connie", "Nielsen", 1965),
       (466,"Richard", "Sammel", 1960),
       (467,"Alice", "Eve", 1982),
       (468,"Emma", "Fitzpatrick", 1985),
       (469,"John", "Cullum", 1930),
       (470,"Mark", "Kassen", 1971),
       (471,"Daniel", "Spink", 1979),
       (472,"Liam", "Neeson", 1952),
       (473,"Scoot", "McNairy", 1977),
       (474,"Michelle", "Dockery", 1981),
       (475,"Nate", "Parker", 1979),
       (476,"Corey", "Stoll", 1976),
       (477,"Lupita", "Nyong'o", 1983),
       (478,"Omar", "Metwally", 1974),
       (479,"Jason", "Butler Harner", 1970),
       (480,"Michael", "B. Jordan", 1987),
       (481,"Mackenzie", "Davis", 1987),
       (482,"Jessica", "Lucas", 1985),
       (483,"Addison", "Timlin", 1991),
       (484,"Josh", "Pais", 1964),
       (485,"Vincent", "Price", 1911),
       (486,"Adam", "Sandler", 1966),
       (487,"Drew", "Barrymore", 1975),
       (488,"Kevin", "Nealon", 1953),
       (489,"Wendi", "McLendon-Covey", 1969),
       (490,"Bella", "Thorne", 1997),
       (491,"Dan", "Stevens", 1982),
       (492,"Brendan", "Meyer", 1994),
       (493,"Sheila", "Kelley", 1961),
       (494,"Leland", "Orser", 1960),
       (495,"Lance", "Reddick", 1962),
       (496,"Chase", "Williamson", 1988),
       (497,"Joel", "David Moore", 1977),
       (498,"Cameron", "Diaz", 1972),
       (499,"Leslie", "Mann", 1972),
       (500,"Nikolaj", "Coster-Waldau", 1970),
       (501,"Don", "Johnson", 1949),
       (502,"Kate", "Upton", 1992),
       (503,"Taylor", "Kinney", 1981),
       (504,"Nicki", "Minaj", 1982),
       (505,"Nicolas", "Cage", 1964),
       (506,"Chad", "Michael Murray", 1981),
       (507,"Cassi", "Thomson", 1993),
       (508,"Jordin", "Sparks", 1989),
       (509,"Lea", "Thompson", 1961),
       (510,"Gary", "Grubbs", 1949),
       (511,"Quinton", "Aaron", 1984),
       (512,"Martin", "Klebba", 1969),
       (513,"Bobby", "Cannavale", 1970),
       (514,"Adewale", "Akinnuoye-Agbaje", 1967),
       (515,"David", "Zayas", 1962),
       (516,"Nicolette", "Pierini", 2003),
       (517,"Heather", "Sossaman", 1987),
       (518,"Courtney", "Halverson", 1989),
       (519,"Shelley", "Hennig", 1987),
       (520,"Will", "Peltz", 1986),
       (521,"Renee", "Olstead", 1989),
       (522,"George", "Kennedy", 1925),
       (523,"Jessica", "Lange", 1949),
       (524,"Brie", "Larson", 1989),
       (525,"Michael", "Kenneth Williams", 1966),
       (526,"Mads", "Mikkelsen", 1965),
       (527,"Jeffrey", "Dean Morgan", 1966),
       (528,"Eric", "Cantona", 1966),
       (529,"Mikael", "Persbrandt", 1963),
       (530,"Douglas", "Henshall", 1965),
       (531,"Michael", "Raymond-James", 1977),
       (532,"Jonathan", "Pryce", 1947),
       (533,"Seth", "MacFarlane", 1973),
       (534,"Charlize", "Theron", 1975),
       (535,"Amanda", "Seyfried", 1985),
       (536,"Giovanni", "Ribisi", 1974),
       (537,"Sarah", "Silverman", 1970),
       (538,"Wes", "Studi", 1947),
       (539,"Taron", "Egerton", 1989),
       (540,"Colin", "Morgan", 1986),
       (541,"Dominic", "West", 1969),
       (542,"Emily", "Watson", 1967),
       (543,"Joanna", "Scanlan", 1961),
       (544,"Miranda", "Richardson", 1958),
       (545,"Sam", "Neill", 1947),
       (546,"Rima", "Te Wiata", 1963),
       (547,"Rebecca", "Hall", 1982),
       (548,"Paul", "Bettany", 1971),
       (549,"Cillian", "Murphy", 1976),
       (550,"Kate", "Mara", 1983),
       (551,"Cole", "Hauser", 1975),
       (552,"Morgan", "Freeman", 1937),
       (553,"Clifton", "Collins Jr.", 1970),
       (554,"Cory", "Hardrict", 1979),
       (555,"Jason", "Segel", 1980),
       (556,"Rob", "Corddry", 1971),
       (557,"Ellie", "Kemper", 1980),
       (558,"Rob", "Lowe", 1964),
       (559,"Nancy", "Lenehan", 1953),
       (560,"Jessica", "Sula", 1994),
       (561,"Lucien", "Laviscount", 1992),
       (562,"Naomi", "Ryan", 1977),
       (563,"Asa", "Butterfield", 1997),
       (564,"Rafe", "Spall", 1983),
       (565,"Sally", "Hawkins", 1976),
       (566,"Eddie", "Marsan", 1968),
       (567,"Martin", "McCann", 1983),
       (568,"Jake", "Davies", 1993),
       (569,"Mark", "Duplass", 1976),
       (570,"Tom", "Hardy", 1977),
       (571,"Noomi", "Rapace", 1979),
       (572,"James", "Gandolfini", 1961),
       (573,"John", "Ortiz", 1968),
       (574,"Elizabeth", "Rodriguez", 1980),
       (575,"Michael", "Esper", 1976),
       (576,"Susanne", "Wuest", 1979),
       (577,"Kate", "Beckinsale", 1973),
       (578,"Jim", "Sturgess", 1978),
       (579,"Michael", "Caine", 1933),
       (580,"Jason", "Flemyng", 1966),
       (581,"Jason", "Bateman", 1969),
       (582,"Jason", "Sudeikis", 1975),
       (583,"Jennifer", "Aniston", 1969),
       (584,"Kevin", "Spacey", 1959),
       (585,"Chris", "Pine", 1980),
       (586,"Jonathan", "Banks", 1947),
       (587,"Kenneth", "Branagh", 1960),
       (588,"Lenn", "Kudrjawizki", 1975),
       (589,"Peter", "Andersson", 1953),
       (590,"Elena", "Velikanova", 1984),
       (591,"Nonso", "Anozie", 1979),
       (592,"Jose", "Pablo Cantillo", 1979),
       (593,"Carrie", "Fisher", 1956),
       (594,"Adam", "Driver", 1983),
       (595,"Daisy", "Ridley", 1992),
       (596,"John", "Boyega", 1992),
       (597,"Oscar", "Isaac", 1979),
       (598,"Leonardo", "DiCaprio", 1974),
       (599,"Forrest", "Goodluck", 1998),
       (600,"Kristoffer", "Joner", 1972),
       (601,"Robert", "De Niro", 1943),
       (602,"Diane", "Ladd", 1935),
       (603,"Virginia", "Madsen", 1961),
       (604,"Isabella", "Rossellini", 1952),
       (605,"Daniel", "Craig", 1968),
       (606,"Monica", "Bellucci", 1964),
       (607,"Ben", "Whishaw", 1980),
       (608,"Naomie", "Harris", 1976),
       (609,"Andrew", "Scott", 1976),
       (610,"Anya", "Taylor-Joy", 1996),
       (611,"Ralph", "Ineson", 1969),
       (612,"Kate", "Dickie", 1971),
       (613,"Julian", "Richings", 1955),
       (614,"Sarah", "Stephens", 1990),
       (615,"Ryan", "Gosling", 1980),
       (616,"Charlie", "Talbert", 1978),
       (617,"Bryce", "Dallas Howard", 1981),
       (618,"Irrfan", "Khan", 1967),
       (619,"Nick", "Robinson", 1995),
       (620,"Jake", "Johnson", 1978),
       (621,"BD", "Wong", 1960),
       (622,"Hugh", "Keays-Byrne", 1947),
       (623,"Josh", "Helman", 1986),
       (624,"Nathan", "Jones", 1969),
       (625,"Rosie", "Huntington-Whiteley", 1987),
       (626,"Riley", "Keough", 1989),
       (627,"Matt", "Damon", 1970),
       (628,"Jessica", "Chastain", 1977),
       (629,"Kristen", "Wiig", 1973),
       (630,"Jeff", "Daniels", 1955),
       (631,"Sean", "Bean", 1959),
       (632,"Kurt", "Russell", 1951),
       (633,"Jennifer", "Jason Leigh", 1962),
       (634,"Walton", "Goggins", 1971),
       (635,"Tim", "Roth", 1961),
       (636,"Michael", "Madsen", 1958),
       (637,"Bruce", "Dern", 1936),
       (638,"James", "Parks", 1968),
       (639,"Emerald", "Fennell", 1985),
       (640,"Claus", "Bue", 1947),
       (641,"Benicio", "Del Toro", 1967),
       (642,"Victor", "Garber", 1949),
       (643,"Daniel", "Kaluuya", 1989),
       (644,"Jeffrey", "Donovan", 1968),
       (645,"Raoul", "Max Trujillo", 1955),
       (646,"Chris", "Hemsworth", 1983),
       (647,"Mark", "Ruffalo", 1967),
       (648,"Jeremy", "Renner", 1971),
       (649,"James", "Spader", 1960),
       (650,"Don", "Cheadle", 1964),
       (651,"Rachel", "McAdams", 1978),
       (652,"Liev", "Schreiber", 1967),
       (653,"John", "Slattery", 1962),
       (654,"Brian", "d'Arcy James", 1968),
       (655,"Elena", "Wohl", 1963),
       (656,"Jacob", "Tremblay", 2006),
       (657,"Sean", "Bridgers", 1968),
       (658,"Wendy", "Crewson", 1956),
       (659,"Amanda", "Brugel", 1978),
       (660,"Joan", "Allen", 1956),
       (661,"Jamie", "Dornan", 1982),
       (662,"Jennifer", "Ehle", 1969),
       (663,"Eloise", "Mumford", 1986),
       (664,"Victor", "Rasuk", 1984),
       (665,"Luke", "Grimes", 1984),
       (666,"Marcia", "Gay Harden", 1959),
       (667,"Rita", "Ora", 1990),
       (668,"Max", "Martini", 1969),
       (669,"Corey", "Johnson", 1961),
       (670,"Roger", "Ashton-Griffiths", 1957),
       (671,"Jessica", "Barden", 1992),
       (672,"Olivia", "Colman", 1974),
       (673,"Colin", "Farrell", 1976),
       (674,"Sam", "Rockwell", 1968),
       (675,"James", "Ransone", 1979),
       (676,"Anson", "Mount", 1973),
       (677,"RZA", " ", 1969),
       (678,"Simon", "Pegg", 1970),
       (679,"Rebecca", "Ferguson", 1983),
       (680,"Ving", "Rhames", 1959),
       (681,"Simon", "McBurney", 1957),
       (682,"Jingchu", "Zhang", 1980),
       (683,"Tom", "Hollander", 1967),
       (684,"Hilary", "Swank", 1974),
       (685,"Gerard", "Butler", 1969),
       (686,"Lisa", "Kudrow", 1963),
       (687,"Gina", "Gershon", 1962),
       (688,"James", "Marsters", 1962),
       (689,"Kathy", "Bates", 1948),
       (690,"Harry", "Connick Jr.", 1967),
       (691,"Nellie", "McKay", 1982),
       (692,"Kevin", "Bacon", 1958),
       (693,"Peter", "Sarsgaard", 1971),
       (694,"Jesse", "Plemons", 1988),
       (695,"Rory", "Cochrane", 1972),
       (696,"Benjamin", "Walker", 1982),
       (697,"Tom", "Holland", 1996),
       (698,"Frank", "Dillane", 1991),
       (699,"Melvil", "Poupaud", 1973),
       (700,"Niels", "Arestrup", 1949),
       (701,"Richard", "Bohringer", 1942),
       (702,"Marika", "Green", 1943),
       (703,"Lorenza", "Izzo", 1989),
       (704,"Ana", "de Armas", 1988),
       (705,"Aaron", "Burns", 1985),
       (706,"Ignacia", "Allamand", 1981),
       (707,"Colleen", "Camp", 1953),
       (708,"Amy", "Poehler", 1971),
       (709,"Phyllis", "Smith", 1951),
       (710,"Richard", "Kind", 1956),
       (711,"Bill", "Hader", 1978),
       (712,"Lewis", "Black", 1948),
       (713,"Mindy", "Kaling", 1979),
       (714,"Diane", "Lane", 1965),
       (715,"Kyle", "MacLachlan", 1959),
       (716,"O'Shea", "Jackson Jr.", 1991),
       (717,"Corey", "Hawkins", 1988),
       (718,"Neil", "Brown Jr.", 1980),
       (719,"Aldis", "Hodge", 1986),
       (720,"Paul", "Rudd", 1969),
       (721,"Michael", "Douglas", 1944),
       (722,"Evangeline", "Lilly", 1979),
       (723,"Judy", "Greer", 1975),
       (724,"Logan", "Marshall-Green", 1976),
       (725,"Emayatzy", "Corinealdi", 1980),
       (726,"Michelle", "Krusiec", 1974),
       (727,"Jordi", "Vilasuso", 1981),
       (728,"Marieh", "Delfino", 1977),
       (729,"Tammy", "Blanchard", 1976),
       (730,"Saoirse", "Ronan", 1994),
       (731,"Brid", "Brennan", 1955),
       (732,"Fiona", "Glascott", 1982),
       (733,"Mark", "Rylance", 1960),
       (734,"Domenick", "Lombardozzi", 1976),
       (735,"Tom", "Hanks", 1956),
       (736,"Joshua", "Harto", 1979),
       (737,"Cate", "Blanchett", 1969),
       (738,"Lily", "James", 1989),
       (739,"Richard", "Madden", 1986),
       (740,"Helena", "Bonham Carter", 1966),
       (741,"Sophie", "McShera", 1985),
       (742,"Holliday", "Grainger", 1988),
       (743,"Derek", "Jacobi", 1938),
       (744,"Anton", "Yelchin", 1989),
       (745,"Joe", "Cole", 1988),
       (746,"Alia", "Shawkat", 1989),
       (747,"Mark", "Webber", 1980),
       (748,"Eric", "Edelstein", 1977),
       (749,"Kate", "Winslet", 1975),
       (750,"Michael", "Stuhlbarg", 1968),
       (751,"Perla", "Haney-Jardine", 1997),
       (752,"Emjay", "Anthony", 2003),
       (753,"Adam", "Scott", 1973),
       (754,"Toni", "Collette", 1972),
       (755,"Stefania", "LaVie Owen", 1997),
       (756,"Krista", "Stadler", 1942),
       (757,"Conchata", "Ferrell", 1943),
       (758,"Allison", "Tolman", 1981),
       (759,"David", "Koechner", 1962),
       (760,"Paul", "Walker", 1973),
       (761,"Michelle", "Rodriguez", 1978),
       (762,"Jordana", "Brewster", 1980),
       (763,"Tyrese", "Gibson", 1978),
       (764,"Ludacris", " ", 1977),
       (765,"Lucas", "Black", 1982),
       (766,"Mia", "Wasikowska", 1989),
       (767,"Tom", "Hiddleston", 1981),
       (768,"Charlie", "Hunnam", 1980),
       (769,"Jim", "Beaver", 1950),
       (770,"Burn", "Gorman", 1974),
       (771,"Leslie", "Hope", 1965),
       (772,"Jonathan", "Hyde", 1948),
       (773,"Diane", "Kruger", 1976),
       (774,"Bruce", "Greenwood", 1956),
       (775,"Janet", "McTeer", 1961),
       (776,"Kylie", "Rogers", 2004),
       (777,"Jane", "Fonda", 1937),
       (778,"Emilia", "Clarke", 1986),
       (779,"Matt", "Smith", 1982),
       (780,"Courtney", "B. Vance", 1960),
       (781,"Byung-hun", "Lee", 1970),
       (782,"Brandon", "Routh", 1979),
       (783,"Caity", "Lotz", 1986),
       (784,"Dominic", "Purcell", 1970),
       (785,"Arthur", "Darvill", 1982),
       (786,"Melissa", "McCarthy", 1970),
       (787,"Miranda", "Hart", 1972),
       (788,"Helen", "Mirren", 1945),
       (789,"Thomas", "M. Wright", 1983),
       (790,"Martin", "Henderson", 1974),
       (791,"Tom", "Goodman-Hill", 1968),
       (792,"Jeremy", "Irons", 1948),
       (793,"Dev", "Patel", 1990),
       (794,"Malcolm", "Sinclair", 1950),
       (795,"Dhritiman", "Chatterjee", 1945),
       (796,"Stephen", "Fry", 1957),
       (797,"Olivia", "DeJonge", 1998),
       (798,"Ed", "Oxenbould", 2001),
       (799,"Deanna", "Dunagan", 1940),
       (800,"Peter", "McRobbie", 1943),
       (801,"Kathryn", "Hahn", 1973),
       (802,"Rooney", "Mara", 1985),
       (803,"Kyle", "Chandler", 1965),
       (804,"Sarah", "Paulson", 1974),
       (805,"Kevin", "Crowley", 1958),
       (806,"Tia", "Mowry-Hardrict", 1978),
       (807,"Tamera", "Mowry-Housley", 1978),
       (808,"Tim", "Reid", 1944),
       (809,"Marques", "Houston", 1981),
       (810,"Anne", "Hathaway", 1982),
       (811,"Rene", "Russo", 1954),
       (812,"Andrew", "Rannells", 1978),
       (813,"Adam", "Devine", 1983),
       (814,"Chris", "Cooper", 1951),
       (815,"Polly", "Draper", 1955),
       (816,"Debra", "Monk", 1949),
       (817,"Heather", "Lind", 1983),
       (818,"Jack", "Black", 1969),
       (819,"Dylan", "Minnette", 1996),
       (820,"Ryan", "Lee", 1996),
       (821,"Amy", "Ryan", 1968),
       (822,"Halston", "Sage", 1993),
       (823,"Steven", "Krueger", 1989),
       (824,"Svetlana", "Ustinova", 1982),
       (825,"Darya", "Charusha", 1980),
       (826,"Yuri", "Zackoqv", 1993),
       (827,"Jodelle", "Ferland", 1994),
       (828,"Pascale", "Hutton", 1979),
       (829,"Jonathan", "Whitesell", 1991),
       (830,"Chanelle", "Peloso", 1994),
       (831,"Rukiya", "Bernard", 1983),
       (832,"Lochlyn", "Munro", 1966),
       (833,"Colin", "Quinn", 1959),
       (834,"Amy", "Schumer", 1981),
       (835,"Josh", "Segarra", 1986),
       (836,"Ryan", "Farrell", 1981),
       (837,"Jim", "Florentine", 1964),
       (838,"Robert", "Kelly", 1970),
       (839,"Tessa", "Thompson", 1983),
       (840,"Phylicia", "Rashad", 1948),
       (841,"Andre", "Ward", 1984),
       (842,"Tony", "Bellew", 1982),
       (843,"Ritchie", "Coster", 1967),
       (844,"Forest", "Whitaker", 1961),
       (845,"Oona", "Laurence", 2002),
       (846,"50", "Cent", 1975),
       (847,"Daniel", "Radcliffe", 1989),
       (848,"Jessica", "Brown Findlay", 1989),
       (849,"Bronson", "Webb", 1983),
       (850,"Daniel", "Mays", 1978),
       (851,"Spencer", "Wilding", 1972),
       (852,"Rebel", "Wilson", 1980),
       (853,"Brittany", "Snow", 1986),
       (854,"Skylar", "Astin", 1987),
       (855,"Katey", "Sagal", 1954),
       (856,"Anna", "Camp", 1982),
       (857,"Ben", "Platt", 1993),
       (858,"Richenda", "Carey", 1948),
       (859,"Vicky", "Krieps", 1983),
       (860,"Julian", "Ovenden", 1976),
       (861,"August", "Zirner", 1956),
       (862,"Martin", "Wuttke", 1962),
       (863,"Carla", "Gugino", 1971),
       (864,"Alexandra", "Daddario", 1986),
       (865,"Ioan", "Gruffudd", 1973),
       (866,"Archie", "Panjabi", 1972),
       (867,"Will", "Yun Lee", 1971),
       (868,"Blake", "Lively", 1987),
       (869,"Michiel", "Huisman", 1981),
       (870,"Kathy", "Baker", 1950),
       (871,"Amanda", "Crew", 1986),
       (872,"Lynda", "Boyd", 1965),
       (873,"Richard", "Harmon", 1991),
       (874,"Teresa", "Palmer", 1986),
       (875,"Matias", "Varela", 1980),
       (876,"Clemens", "Schick", 1972),
       (877,"Max", "Thieriot", 1988),
       (878,"Delroy", "Lindo", 1952),
       (879,"Evan", "Rachel Wood", 1987),
       (880,"Max", "Minghella", 1985),
       (881,"Callum", "Keith Rennie", 1960),
       (882,"Andy", "Samberg", 1978),
       (883,"Selena", "Gomez", 1992),
       (884,"Kevin", "James", 1965),
       (885,"Steve", "Buscemi", 1957),
       (886,"David", "Spade", 1964),
       (887,"Keegan-Michael", "Key", 1971),
       (888,"Fran", "Drescher", 1957),
       (889,"Levi", "Miller", 2002),
       (890,"Kathy", "Burke", 1964),
       (891,"Hugo", "Weaving", 1960),
       (892,"Judy", "Davis", 1955),
       (893,"Kerry", "Fox", 1966),
       (894,"Rebecca", "Gibney", 1964),
       (895,"Alexander", "Flores", 1990),
       (896,"Jacob", "Lofland", 1996),
       (897,"Rosa", "Salazar", 1985),
       (898,"Giancarlo", "Esposito", 1958),
       (899,"Rachel", "Weisz", 1970),
       (900,"Paul", "Dano", 1984),
       (901,"Ed", "Stoppard", 1974),
       (902,"Alex", "Macqueen", 1974),
       (903,"Madalina", "Diana Ghenea", 1988),
       (904,"Ed", "Helms", 1974),
       (905,"Skyler", "Gisondo", 1996),
       (906,"Chevy", "Chase", 1943),
       (907,"Beverly", "D'Angelo", 1951),
       (908,"Patrick", "Wilson", 1973),
       (909,"Matthew", "Fox", 1966),
       (910,"Richard", "Jenkins", 1947),
       (911,"Lili", "Simmons", 1993),
       (912,"David", "Arquette", 1971),
       (913,"Fred", "Melamed", 1956),
       (914,"Sid", "Haig", 1939),
       (915,"Tye", "Sheridan", 1996),
       (916,"Logan", "Miller", 1992),
       (917,"Cloris", "Leachman", 1926),
       (918,"Niki", "Koss", 1994),
       (919,"Hiram", "A. Murray", 1981),
       (920,"George", "Clooney", 1961),
       (921,"Hugh", "Laurie", 1959),
       (922,"Britt", "Robertson", 1990),
       (923,"Tim", "McGraw", 1967),
       (924,"Chris", "Bauer", 1966),
       (925,"Tim", "Griffin", 1969),
       (926,"Busy", "Philipps", 1979),
       (927,"Adam", "Lazarre-White", 1969),
       (928,"Wendell", "Pierce", 1963),
       (929,"Rose", "Leslie", 1987),
       (930,"Elijah", "Wood", 1981),
       (931,"Rena", "Owen", 1962),
       (932,"Julie", "Engelbrecht", 1984),
       (933,"Joseph", "Gilgun", 1984),
       (934,"Mekhi", "Phifer", 1974),
       (935,"Justice", "Leak", 1979),
       (936,"Mae", "Whitman", 1988),
       (937,"Robbie", "Amell", 1988),
       (938,"Skyler", "Samuels", 1994),
       (939,"Romany", "Malco", 1968),
       (940,"Nick", "Eversman", 1986),
       (941,"Chris", "Wylde", 1976),
       (942,"Ken", "Jeong", 1969),
       (943,"Jeffrey", "Wright", 1965),
       (944,"Frances", "McDormand", 1957),
       (945,"Raymond", "Ochoa", 2001),
       (946,"Will", "Smith", 1968),
       (947,"Margot", "Robbie", 1990),
       (948,"Brennan", "Brown", 1968),
       (949,"Robert", "Taylor", 1963),
       (950,"Mila", "Kunis", 1983),
       (951,"Tuppence", "Middleton", 1987),
       (952,"Nikki", "Amuka-Bird", 1976),
       (953,"Christina", "Cole", 1982),
       (954,"Jamie", "Bell", 1986),
       (955,"Reg", "E. Cathey", 1958),
       (956,"Tim", "Blake Nelson", 1964),
       (957,"Dan", "Castellaneta", 1957),
       (958,"Alec", "Baldwin", 1958),
       (959,"Albert", "Brooks", 1947),
       (960,"Gugu", "Mbatha-Raw", 1983),
       (961,"David", "Morse", 1953),
       (962,"Arliss", "Howard", 1954),
       (963,"Mike", "O'Malley", 1966),
       (964,"Hill", "Harper", 1966),
       (965,"Sareh", "Bayat", 1979),
       (966,"Siamak", "Adib", 1974),
       (967,"Scott", "Lawrence", 1963),
       (968,"Kristen", "Stewart", 1990),
       (969,"Bel", "Powley", 1992),
       (970,"David", "Selby", 1941),
       (971,"Juan", "Piedrahita", 1985),
       (972,"Joe", "Manganiello", 1976),
       (973,"Kevin", "Nash", 1959),
       (974,"Gabriel", "Iglesias", 1976),
       (975,"Matt", "Bomer", 1977),
       (976,"Scott", "Eastwood", 1986),
       (977,"Alan", "Alda", 1936),
       (978,"Jack", "Huston", 1982),
       (979,"Oona", "Chaplin", 1986),
       (980,"Lolita", "Davidovich", 1961),
       (981,"Will", "Ferrell", 1967),
       (982,"Linda", "Cardellini", 1975),
       (983,"Thomas", "Haden Church", 1960),
       (984,"Hannibal", "Buress", 1983),
       (985,"Bill", "Burr", 1968),
       (986,"Natalie", "Portman", 1981),
       (987,"Brian", "Dennehy", 1938),
       (988,"Antonio", "Banderas", 1960),
       (989,"Freida", "Pinto", 1984),
       (990,"Wes", "Bentley", 1978),
       (991,"Jorge", "Garcia", 1973),
       (992,"Taylor", "Lautner", 1992),
       (993,"Rob", "Schneider", 1963),
       (994,"Luke", "Wilson", 1971),
       (995,"Will", "Forte", 1970),
       (996,"Steve", "Zahn", 1967),
       (997,"Sam", "J. Jones", 1954),
       (998,"Patrick", "Warburton", 1964),
       (999,"Michael", "Dorn", 1952),
       (1000,"Sandra", "Bullock", 1964),
       (1001,"Jon", "Hamm", 1971),
       (1002,"Allison", "Janney", 1959),
       (1003,"Steve", "Coogan", 1965),
       (1004,"Jennifer", "Saunders", 1958),
       (1005,"Geoffrey", "Rush", 1951),
       (1006,"Steve", "Carell", 1962),
       (1007,"Marion", "Cotillard", 1975),
       (1008,"Paddy", "Considine", 1974),
       (1009,"Taissa", "Farmiga", 1994),
       (1010,"Malin", "Akerman", 1978),
       (1011,"Alexander", "Ludwig", 1992),
       (1012,"Nina", "Dobrev", 1989),
       (1013,"Thomas", "Middleditch", 1982),
       (1014,"Angela", "Trimbur", 1981),
       (1015,"Chloe", "Bridges", 1991),
       (1016,"Tilda", "Swinton", 1960),
       (1017,"Corrado", "Guzzanti", 1965),
       (1018,"Ninja", " ", 1974),
       (1019,"Yo-Landi", "Visser", 1984),
       (1020,"Bahar", "Pars", 1979),
       (1021,"Filip", "Berg", 1986),
       (1022,"Anna-Lena", "Brundin", 1959),
       (1023,"Karin", "de Frumerie", 1978),
       (1024,"Chiwetel", "Ejiofor", 1977),
       (1025,"Benedict", "Wong", 1970),
       (1026,"Benjamin", "Bratt", 1963),
       (1027,"Scott", "Adkins", 1976),
       (1028,"Danika", "Yarosh", 1998),
       (1029,"Holt", "McCallany", 1963),
       (1030,"Sidse", "Babett Knudsen", 1968),
       (1031,"Ben", "Foster", 1980),
       (1032,"Ana", "Ularu", 1985),
       (1033,"Sugar", "Lyn Beard", 1981),
       (1034,"Michael", "Cera", 1988),
       (1035,"Ian", "James Corlett", 1962),
       (1036,"Michael", "Daingerfield", 1970),
       (1037,"Brian", "Dobson", 1973),
       (1038,"Michael", "Dobson", 1966),
       (1039,"Jeffrey", "Tambor", 1944),
       (1040,"Cynthia", "Addai-Robinson", 1985),
       (1041,"Jean", "Smart", 1951),
       (1042,"Michael", "Shannon", 1974),
       (1043,"Aaron", "Taylor-Johnson", 1990),
       (1044,"Isla", "Fisher", 1976),
       (1045,"Ellie", "Bamber", 1997),
       (1046,"Armie", "Hammer", 1986),
       (1047,"Karl", "Glusman", 1988),
       (1048,"Justin", "Theroux", 1971),
       (1049,"Laura", "Prepon", 1980),
       (1050,"Darren", "Goldstein", 1974),
       (1051,"Christopher", "Dyson", 1978),
       (1052,"Bambadjan", "Bamba", 1982),
       (1053,"Viola", "Davis", 1965),
       (1054,"Cassi", "Davis", 1964),
       (1055,"Yousef", "Erakat", 1990),
       (1056,"Haley", "Lu Richardson", 1995),
       (1057,"Kim", "Director", 1974),
       (1058,"Maria", "Breyman", 1987),
       (1059,"Betty", "Buckley", 1947),
       (1060,"Lyne", "Renee", 1979),
       (1061,"Judi", "Dench", 1934),
       (1062,"Rupert", "Everett", 1959),
       (1063,"Chris", "O'Dowd", 1979),
       (1064,"Ella", "Purnell", 1996),
       (1065,"Gal", "Gadot", 1985),
       (1066,"Patton", "Oswalt", 1969),
       (1067,"Matt", "Walsh", 1964),
       (1068,"Justin", "Timberlake", 1981),
       (1069,"Zooey", "Deschanel", 1980),
       (1070,"Christopher", "Mintz-Plasse", 1989),
       (1071,"Christine", "Baranski", 1952),
       (1072,"Russell", "Brand", 1975),
       (1073,"Gwen", "Stefani", 1969),
       (1074,"John", "Cleese", 1939),
       (1075,"James", "Corden", 1978),
       (1076,"Viggo", "Mortensen", 1958),
       (1077,"George", "MacKay", 1992),
       (1078,"Samantha", "Isler", 1998),
       (1079,"Nicholas", "Hamilton", 2000),
       (1080,"Zachary", "Quinto", 1977),
       (1081,"John", "Cho", 1972),
       (1082,"Idris", "Elba", 1972),
       (1083,"Sofia", "Boutella", 1982),
       (1084,"Kristen", "Bell", 1980),
       (1085,"Jada", "Pinkett Smith", 1971),
       (1086,"Annie", "Mumolo", 1973),
       (1087,"David", "Walton", 1978),
       (1088,"Zach", "Woods", 1984),
       (1089,"Ed", "Begley Jr.", 1949),
       (1090,"Kate", "McKinnon", 1984),
       (1091,"Mark", "O'Brien", 1984),
       (1092,"Stephen", "Lang", 1952),
       (1093,"Jane", "Levy", 1989),
       (1094,"Katia", "Bokor", 1975),
       (1095,"Sergej", "Onopko", 1985),
       (1096,"Emma", "Roberts", 1991),
       (1097,"Emily", "Meade", 1989),
       (1098,"Miles", "Heizer", 1994),
       (1099,"Kimiko", "Glenn", 1989),
       (1100,"Marc", "John Jefferies", 1990),
       (1101,"Machine", "Gun Kelly", 1990),
       (1102,"Ellen", "DeGeneres", 1958),
       (1103,"Ed", "O'Neill", 1946),
       (1104,"Kaitlin", "Olson", 1975),
       (1105,"Ty", "Burrell", 1967),
       (1106,"Diane", "Keaton", 1946),
       (1107,"Eugene", "Levy", 1946),
       (1108,"Courtney", "Eaton", 1996),
       (1109,"Emily", "Wheaton", 1989),
       (1110,"Elodie", "Yung", 1981),
       (1111,"Rachael", "Blake", 1971),
       (1112,"Evan", "Peters", 1987),
       (1113,"Sophie", "Turner", 1996),
       (1114,"Ed", "Skrein", 1983),
       (1115,"Michael", "Benyaer", 1970),
       (1116,"Stefan", "Kapicic", 1978),
       (1117,"Brianna", "Hildebrand", 1996),
       (1118,"Kyle", "Cassie", 1976),
       (1119,"Taylor", "Hickson", 1997),
       (1120,"Jessie", "T. Usher", 1992),
       (1121,"Sela", "Ward", 1956),
       (1122,"Judd", "Hirsch", 1935),
       (1123,"Brent", "Spiner", 1949),
       (1124,"Ruby", "Barnhill", 2004),
       (1125,"Penelope", "Wilton", 1946),
       (1126,"Adam", "Godley", 1964),
       (1127,"Charlotte", "Le Bon", 1986),
       (1128,"Marcin", "Dorocinski", 1973),
       (1129,"Manuel", "Garcia-Rulfo", 1981),
       (1130,"Douglas", "M. Griffin", 1966),
       (1131,"James", "DuMont", 1965),
       (1132,"Gina", "Rodriguez", 1984),
       (1133,"Brad", "Leland", 1954),
       (1134,"John", "Malkovich", 1953),
       (1135,"Bryan", "Cranston", 1956),
       (1136,"Tom", "Vaughan-Lawlor", 1977),
       (1137,"Juliet", "Aubrey", 1966),
       (1138,"Olympia", "Dukakis", 1931),
       (1139,"Billy", "Burke", 1966),
       (1140,"Maria", "Bello", 1967),
       (1141,"Alicia", "Vela-Bailey", 1982),
       (1142,"Andi", "Osho", 1973),
       (1143,"John", "Travolta", 1954),
       (1144,"Toby", "Huss", 1966),
       (1145,"Larry", "Fessenden", 1963),
       (1146,"Ginnifer", "Goodwin", 1978),
       (1147,"Jenny", "Slate", 1982),
       (1148,"Nate", "Torrence", 1977),
       (1149,"Bonnie", "Hunt", 1961),
       (1150,"Don", "Lake", 1956),
       (1151,"Tommy", "Chong", 1938),
       (1152,"Travis", "Fimmel", 1979),
       (1153,"Paula", "Patton", 1975),
       (1154,"Robert", "Kazinsky", 1983),
       (1155,"Clancy", "Brown", 1959),
       (1156,"Daniel", "Wu", 1974),
       (1157,"Chadwick", "Boseman", 1976),
       (1158,"Steve", "Martin", 1945),
       (1159,"Chris", "Tucker", 1972),
       (1160,"Deirdre", "Lovejoy", 1962),
       (1161,"Joe", "Alwyn", 1991),
       (1162,"Mahershala", "Ali", 1974),
       (1163,"Ewan", "McGregor", 1971),
       (1164,"Dakota", "Fanning", 1994),
       (1165,"Peter", "Riegert", 1947),
       (1166,"Rupert", "Evans", 1976),
       (1167,"Uzo", "Aduba", 1981),
       (1168,"Molly", "Parker", 1972),
       (1169,"Valorie", "Curry", 1986),
       (1170,"Samantha", "Spiro", 1968),
       (1171,"Brendan", "Coyle", 1963),
       (1172,"Henry", "Cavill", 1983),
       (1173,"Jesse", "Eisenberg", 1983),
       (1174,"Laurence", "Fishburne", 1961),
       (1175,"Holly", "Hunter", 1958),
       (1176,"Sacha", "Baron Cohen", 1971),
       (1177,"Rhys", "Ifans", 1967),
       (1178,"Matt", "Lucas", 1974),
       (1179,"Lindsay", "Duncan", 1950),
       (1180,"Leo", "Bill", 1980),
       (1181,"Ajay", "Devgn", 1969),
       (1182,"Girish", "Karnad", 1938),
       (1183,"Saurabh", "Shukla", 1963),
       (1184,"Alicia", "Silverstone", 1976),
       (1185,"Molly", "Ringwald", 1968),
       (1186,"Christian", "Slater", 1969),
       (1187,"Keegan", "Allen", 1989),
       (1188,"Sean", "Grandillo", 1992),
       (1189,"Madison", "Wolfe", 2002),
       (1190,"Frances", "O'Connor", 1967),
       (1191,"Maria", "Doyle Kennedy", 1964),
       (1192,"Valerie", "Mahaffey", 1953),
       (1193,"Delphi", "Harrington", 1937),
       (1194,"Jamey", "Sheridan", 1951),
       (1195,"Anna", "Gunn", 1968),
       (1196,"Aubrey", "Plaza", 1984),
       (1197,"Stephen", "Root", 1951),
       (1198,"Stephanie", "Faracy", 1952),
       (1199,"Jim", "Belushi", 1954),
       (1200,"Lara", "Grice", 1971),
       (1201,"Tracy", "Letts", 1965),
       (1202,"Nestor", "Carbonell", 1967),
       (1203,"Pawel", "Szajda", 1982),
       (1204,"Luis", "Gnecco", 1962),
       (1205,"Alfredo", "Castro", 1955),
       (1206,"Pablo", "Derqui", 1976),
       (1207,"Alejandro", "Goic", 1969),
       (1208,"Leslie", "Jones", 1967),
       (1209,"Owen", "Wilson", 1968),
       (1210,"Mary", "Elizabeth Ellis", 1979),
       (1211,"Ken", "Marino", 1968),
       (1212,"Devin", "Ratray", 1977),
       (1213,"Jennifer", "Garner", 1972),
       (1214,"Cheryl", "Hines", 1965),
       (1215,"Mark", "Consuelos", 1971),
       (1216,"Christopher", "Walken", 1943),
       (1217,"Teddy", "Sears", 1977),
       (1218,"Yaya", "DaCosta", 1982),
       (1219,"Keith", "David", 1956),
       (1220,"Lois", "Smith", 1930),
       (1221,"Mary", "Elizabeth Winstead", 1984),
       (1222,"Kevin", "Hart", 1979),
       (1223,"Danielle", "Nicolet", 1973),
       (1224,"Ryan", "Hansen", 1981),
       (1225,"Jason", "O'Mara", 1972),
       (1226,"Emmanuelle", "Seigner", 1966),
       (1227,"Guillaume", "Canet", 1973),
       (1228,"Michael", "McElhatton", 1963),
       (1229,"Brett", "Cullen", 1956),
       (1230,"Neel", "Sethi", 2003),
       (1231,"Garry", "Shandling", 1949),
       (1232,"Erin", "Moriarty", 1994),
       (1233,"William", "H. Macy", 1950),
       (1234,"Miguel", "Sandoval", 1951),
       (1235,"Dale", "Dickey", 1961),
       (1236,"Louis", "C.K.", 1967),
       (1237,"Lake", "Bell", 1979),
       (1238,"Dana", "Carvey", 1955),
       (1239,"Jordan", "Peele", 1979),
       (1240,"Jena", "Malone", 1984),
       (1241,"Bella", "Heathcote", 1987),
       (1242,"Abbey", "Lee", 1987),
       (1243,"Desmond", "Harrington", 1976),
       (1244,"Christina", "Hendricks", 1975),
       (1245,"Charles", "Baker", 1971),
       (1246,"Kelly", "Chen", 1972),
       (1247,"Jaymes", "Butler", 1959),
       (1248,"Elizabeth", "Mitchell", 1970),
       (1249,"Mykelti", "Williamson", 1957),
       (1250,"Kyle", "Secor", 1957),
       (1251,"Barry", "Nolan", 1947),
       (1252,"Ted", "Levine", 1957),
       (1253,"Tina", "Casciani", 1982),
       (1254,"Jay", "Chou", 1979),
       (1255,"Sanaa", "Lathan", 1971),
       (1256,"Gemma", "Jones", 1942),
       (1257,"Jim", "Broadbent", 1949),
       (1258,"Sally", "Phillips", 1970),
       (1259,"Julian", "Rhind-Tutt", 1968),
       (1260,"Shirley", "Henderson", 1965),
       (1261,"Ben", "Willbond", 1973),
       (1262,"Paul", "Bentall", 1948),
       (1263,"Josh", "Brener", 1984),
       (1264,"Andy", "Garcia", 1956),
       (1265,"Phillip", "DeVona", 1970),
       (1266,"Billy", "Slaughter", 1980),
       (1267,"Laura", "Linney", 1964),
       (1268,"Stephen", "Amell", 1981),
       (1269,"Wayne", "Wilderson", 1966),
       (1270,"Michael", "Hitchcock", 1958),
       (1271,"Parker", "Posey", 1968),
       (1272,"Min-hee", "Kim", 1982),
       (1273,"Kim", "Tae-ri", 1990),
       (1274,"Jung-woo", "Ha", 1978),
       (1275,"Jin-woong", "Jo", 1976),
       (1276,"So-ri", "Moon", 1974),
       (1277,"Hae-suk", "Kim", 1955),
       (1278,"Neil", "deGrasse Tyson", 1958),
       (1279,"Jesse", "Tyler Ferguson", 1975),
       (1280,"Max", "Greenfield", 1980),
       (1281,"Jessie", "J", 1988),
       (1282,"Queen", "Latifah", 1970),
       (1283,"Denis", "Leary", 1957),
       (1284,"John", "Krasinski", 1979),
       (1285,"James", "Badge Dale", 1978),
       (1286,"Pablo", "Schreiber", 1978),
       (1287,"David", "Denman", 1973),
       (1288,"Dominic", "Fumusa", 1969),
       (1289,"Peyman", "Moaadi", 1970),
       (1290,"Cameron", "McKendry", 1996),
       (1291,"Victoria", "Staley", 1996),
       (1292,"Taylor", "Kalupa", 1990),
       (1293,"Blake", "Jenner", 1992),
       (1294,"Kyra", "Sedgwick", 1965),
       (1295,"Hayden", "Szeto", 1985),
       (1296,"Eric", "Keenleyside", 1957),
       (1297,"Tommy", "Lee Jones", 1946),
       (1298,"Vincent", "Cassel", 1966),
       (1299,"Julia", "Stiles", 1981),
       (1300,"Riz", "Ahmed", 1982),
       (1301,"Ato", "Essandoh", 1972),
       (1302,"Sasha", "Lane", 1995),
       (1303,"Michelle", "Yeoh", 1962),
       (1304,"Sam", "Hazeldine", 1972),
       (1305,"John", "Cenatiempo", 1963),
       (1306,"Yoo", "Gong", 1979),
       (1307,"Yu-mi", "Jeong", 1983),
       (1308,"Dong-seok", "Ma", 1971),
       (1309,"Woo-sik", "Choi", 1990),
       (1310,"Sohee", " ", 1992),
       (1311,"Lex", "Shrapnel", 1979),
       (1312,"Buck", "Taylor", 1938),
       (1313,"Gil", "Birmingham", 1953),
       (1314,"John", "Goodman", 1952),
       (1315,"John", "Gallagher Jr.", 1984),
       (1316,"Suzanne", "Cryer", 1967),
       (1317,"Casey", "Affleck", 1975),
       (1318,"Val", "Kilmer", 1959),
       (1319,"Anthony", "Edwards", 1962);


 INSERT INTO movies
 VALUES (1,"Guardians of the Galaxy", "Action",704613, 8.1, 2014),
        (2,"Interstellar", "Adventure",961763, 8.6, 2014),
        (3,"The Grand Budapest Hotel", "Adventure",492158, 8.1, 2014),
        (4,"Gone Girl", "Crime",589116, 8.1, 2014),
        (5,"The Imitation Game", "Biography",489175, 8.1, 2014),
        (6,"John Wick", "Action",263235, 7.2, 2014),
        (7,"X-Men: Days of Future Past", "Action",524078, 8.0, 2014),
        (8,"Ouija: Origin of Evil", "Horror",6144, 6.6, 2016),
        (9,"The Equalizer", "Action",235859, 7.2, 2014),
        (10,"Maleficent", "Action",257707, 7.0, 2014),
        (11,"Whiplash", "Drama",420586, 8.5, 2014),
        (12,"Fury", "Action",312068, 7.6, 2014),
        (13,"Kingsman: The Secret Service", "Action",410076, 7.7, 2014),
        (14,"It Follows", "Horror",120440, 6.9, 2014),
        (15,"Edge of Tomorrow", "Action",443643, 7.9, 2014),
        (16,"The Theory of Everything", "Biography",275057, 7.7, 2014),
        (17,"The Babadook", "Drama",120497, 6.8, 2014),
        (18,"Divergent", "Adventure",347499, 6.7, 2014),
        (19,"Sin City: A Dame to Kill For", "Action",114899, 6.5, 2014),
        (20,"Need for Speed", "Action",139153, 6.5, 2014),
        (21,"The Amazing Spider-Man 2", "Action",326998, 6.7, 2014),
        (22,"Dracula Untold", "Action",141759, 6.3, 2014),
        (23,"The Book of Life", "Animation",47048, 7.3, 2014),
        (24,"The Purge: Anarchy", "Action",99115, 6.5, 2014),
        (25,"Captain America: The Winter Soldier", "Action",510608, 7.8, 2014),
        (26,"Transformers: Age of Extinction", "Action",246318, 5.7, 2014),
        (27,"Teenage Mutant Ninja Turtles", "Action",172213, 5.9, 2014),
        (28,"Lucifer", "Crime",58703, 8.3, 2015),
        (29,"The Hobbit: The Battle of the Five Armies", "Adventure",363557, 7.4, 2014),
        (30,"Clown", "Horror",12690, 5.7, 2014),
        (31,"Birdman or (The Unexpected Virtue of Ignorance)", "Comedy",408054, 7.8, 2014),
        (32,"The Evil Dead", "Horror",144850, 7.6, 1981),
        (33,"The Giver", "Drama",88897, 6.5, 2014),
        (34,"What We Do in the Shadows", "Comedy",73230, 7.6, 2014),
        (35,"Shin Gojira", "Action",2915, 7.6, 2016),
        (36,"The Maze Runner", "Action",318953, 6.8, 2014),
        (37,"Nightcrawler", "Crime",304445, 7.9, 2014),
        (38,"The Fault in Our Stars", "Drama",256899, 7.8, 2014),
        (39,"Hercules", "Action",117904, 6.0, 2014),
        (40,"Neighbors", "Comedy",224378, 6.4, 2014),
        (41,"The Expendables 3", "Action",130394, 6.1, 2014),
        (42,"The Lego Movie", "Animation",251297, 7.8, 2014),
        (43,"Love Rosie", "Comedy",72052, 7.2, 2014),
        (44,"Boyhood", "Drama",272604, 7.9, 2014),
        (45,"American Sniper", "Action",333228, 7.3, 2014),
        (46,"Big Hero 6", "Animation",288143, 7.9, 2014),
        (47,"The Hunger Games: Mockingjay - Part 1", "Adventure",313261, 6.7, 2014),
        (48,"Noah", "Action",203170, 5.8, 2014),
        (49,"Predestination", "Drama",172521, 7.4, 2014),
        (50,"Unbroken", "Biography",106707, 7.2, 2014),
        (51,"Big Eyes", "Biography",58303, 7.0, 2014),
        (52,"I Origins", "Drama",78760, 7.3, 2014),
        (53,"Inherent Vice", "Comedy",64396, 6.7, 2014),
        (54,"Relatos salvajes", "Comedy",96058, 8.1, 2014),
        (55,"The Taking", "Horror",16365, 6.0, 2014),
        (56,"300: Rise of an Empire", "Action",229109, 6.2, 2014),
        (57,"22 Jump Street", "Action",265037, 7.1, 2014),
        (58,"The Best of Me", "Drama",45116, 6.7, 2014),
        (59,"Vampire Academy", "Action",42267, 5.6, 2014),
        (60,"Seventh Son", "Action",56323, 5.5, 2014),
        (61,"Deliver Us from Evil", "Horror",55582, 6.2, 2014),
        (62,"Dawn of the Planet of the Apes", "Action",323652, 7.6, 2014),
        (63,"Exodus: Gods and Kings", "Action",131331, 6.1, 2014),
        (64,"Annabelle", "Horror",85055, 5.4, 2014),
        (65,"The Loft", "Mystery",35542, 6.3, 2014),
        (66,"Tusk", "Comedy",32399, 5.4, 2014),
        (67,"The Interview", "Comedy",251910, 6.6, 2014),
        (68,"The Voices", "Comedy",36321, 6.3, 2014),
        (69,"I Frankenstein", "Action",67009, 5.1, 2014),
        (70,"The Judge", "Crime",140247, 7.4, 2014),
        (71,"Burnt", "Comedy",66999, 6.6, 2015),
        (72,"If I Stay", "Drama",86751, 6.8, 2014),
        (73,"As Above So Below", "Horror",52008, 6.2, 2014),
        (74,"3 Days to Kill", "Action",70604, 6.2, 2014),
        (75,"Before We Go", "Comedy",27217, 6.9, 2014),
        (76,"Non-Stop", "Action",204451, 7.0, 2014),
        (77,"That Awkward Moment", "Comedy",78562, 6.2, 2014),
        (78,"Vincent", "Short",18284, 8.4, 1982),
        (79,"Blended", "Comedy",89403, 6.5, 2014),
        (80,"The Guest", "Action",65590, 6.7, 2014),
        (81,"The Other Woman", "Comedy",106752, 6.0, 2014),
        (82,"Left Behind", "Action",25659, 3.1, 2014),
        (83,"Annie", "Comedy",25486, 5.3, 2014),
        (84,"Cybernatural", "Horror",46643, 5.7, 2014),
        (85,"The Gambler", "Crime",49667, 6.0, 2014),
        (86,"The Salvation", "Drama",24481, 6.8, 2014),
        (87,"A Million Ways to Die in the West", "Comedy",138651, 6.1, 2014),
        (88,"Testament of Youth", "Biography",15500, 7.3, 2014),
        (89,"Hunt for the Wilderpeople", "Adventure",22696, 8.0, 2016),
        (90,"Transcendence", "Drama",176429, 6.3, 2014),
        (91,"Sex Tape", "Comedy",86018, 5.1, 2014),
        (92,"Honeytrap", "Crime",325, 5.6, 2014),
        (93,"X+Y", "Drama",19609, 7.2, 2014),
        (94,"Creep", "Horror",14696, 6.2, 2014),
        (95,"The Drop", "Crime",109038, 7.1, 2014),
        (96,"Ich seh ich seh", "Drama",22916, 6.7, 2014),
        (97,"Eliza Graves", "Drama",36059, 6.8, 2014),
        (98,"Horrible Bosses 2", "Comedy",117742, 6.3, 2014),
        (99,"Jack Ryan: Shadow Recruit", "Action",100550, 6.2, 2014),
        (100,"Man Down", "Drama",414, 6.5, 2015),
        (101,"Star Wars: Episode VII - The Force Awakens", "Action",594763, 8.2, 2015),
        (102,"The Revenant", "Adventure",441653, 8.1, 2015),
        (103,"Joy", "Biography",83047, 6.6, 2015),
        (104,"Spectre", "Action",287494, 6.8, 2015),
        (105,"The VVitch: A New-England Folktale", "Horror",79688, 6.7, 2015),
        (106,"The Big Short", "Biography",206783, 7.8, 2015),
        (107,"Jurassic World", "Action",429565, 7.0, 2015),
        (108,"Mad Max: Fury Road", "Action",578046, 8.1, 2015),
        (109,"The Martian", "Adventure",506641, 8.0, 2015),
        (110,"The Hateful Eight", "Crime",294908, 7.9, 2015),
        (111,"The Danish Girl", "Biography",92054, 7.0, 2015),
        (112,"Sicario", "Action",212880, 7.6, 2015),
        (113,"Avengers: Age of Ultron", "Action",479512, 7.5, 2015),
        (114,"Spotlight", "Biography",220052, 8.1, 2015),
        (115,"Room", "Drama",182004, 8.2, 2015),
        (116,"Fifty Shades of Grey", "Drama",224710, 4.1, 2015),
        (117,"Ex Machina", "Drama",304335, 7.7, 2015),
        (118,"The Lobster", "Comedy",90934, 7.1, 2015),
        (119,"Mr. Right", "Action",22752, 6.3, 2015),
        (120,"Mission: Impossible - Rogue Nation", "Action",241599, 7.4, 2015),
        (121,"The Hunger Games: Mockingjay - Part 2", "Adventure",179028, 6.6, 2015),
        (122,"P.S. I Love You", "Drama",170878, 7.1, 2007),
        (123,"Black Mass", "Biography",123475, 7.0, 2015),
        (124,"In the Heart of the Sea", "Action",79623, 6.9, 2015),
        (125,"By the Sea", "Drama",9662, 5.3, 2015),
        (126,"Knock Knock", "Drama",47192, 4.9, 2015),
        (127,"Inside Out", "Animation",367848, 8.2, 2015),
        (128,"Straight Outta Compton", "Biography",127258, 7.9, 2015),
        (129,"Ant-Man", "Action",331498, 7.4, 2015),
        (130,"The Invitation", "Thriller",28593, 6.7, 2015),
        (131,"Brooklyn", "Drama",82468, 7.5, 2015),
        (132,"Bridge of Spies", "Drama",192125, 7.6, 2015),
        (133,"Cinderella", "Drama",107389, 7.0, 2015),
        (134,"Green Room", "Crime",41386, 7.1, 2015),
        (135,"Steve Jobs", "Biography",102485, 7.2, 2015),
        (136,"Krampus", "Comedy",33237, 6.2, 2015),
        (137,"Furious Seven", "Action",284316, 7.2, 2015),
        (138,"Crimson Peak", "Drama",88501, 6.6, 2015),
        (139,"Fathers & Daughters", "Drama",12242, 7.1, 2015),
        (140,"Terminator Genisys", "Action",194182, 6.5, 2015),
        (141,"Legends of Tomorrow", "Action",42082, 7.1, 2016),
        (142,"Spy", "Action",176403, 7.1, 2015),
        (143,"Eye in the Sky", "Drama",44086, 7.3, 2015),
        (144,"Everest", "Adventure",142142, 7.1, 2015),
        (145,"The Man Who Knew Infinity", "Biography",18444, 7.2, 2015),
        (146,"The Visit", "Horror",70878, 6.2, 2015),
        (147,"Carol", "Drama",66848, 7.2, 2015),
        (148,"Sister Sister", "Comedy",8021, 6.1, 1994),
        (149,"The Intern", "Comedy",142646, 7.2, 2015),
        (150,"Demolition", "Drama",42400, 7.0, 2015),
        (151,"Goosebumps", "Adventure",51870, 6.3, 2015),
        (152,"Hardcore Henry", "Action",48460, 6.8, 2015),
        (153,"Desierto", "Drama",2618, 5.8, 2015),
        (154,"The Unspoken", "Thriller",423, 4.9, 2015),
        (155,"Trainwreck", "Comedy",98763, 6.3, 2015),
        (156,"Creed", "Drama",157387, 7.7, 2015),
        (157,"Southpaw", "Drama",154514, 7.4, 2015),
        (158,"Victor Frankenstein", "Drama",32516, 6.0, 2015),
        (159,"Pitch Perfect 2", "Comedy",101190, 6.5, 2015),
        (160,"Colonia", "Drama",22234, 7.1, 2015),
        (161,"San Andreas", "Action",152249, 6.1, 2015),
        (162,"The Age of Adaline", "Drama",99943, 7.2, 2015),
        (163,"Point Break", "Action",38527, 5.3, 2015),
        (164,"Into the Forest", "Drama",5638, 6.0, 2015),
        (165,"Hotel Transylvania 2", "Animation",61666, 6.7, 2015),
        (166,"Pan", "Adventure",43442, 5.8, 2015),
        (167,"The Dressmaker", "Drama",25597, 7.1, 2015),
        (168,"Maze Runner: The Scorch Trials", "Action",146153, 6.4, 2015),
        (169,"Youth", "Comedy",45576, 7.4, 2015),
        (170,"Vacation", "Adventure",69598, 6.1, 2015),
        (171,"Bone Tomahawk", "Adventure",38814, 7.1, 2015),
        (172,"Scouts Guide to the Zombie Apocalypse", "Action",28124, 6.3, 2015),
        (173,"Tomorrowland", "Action",132793, 6.5, 2015),
        (174,"The Gift", "Mystery",86698, 7.1, 2015),
        (175,"The Last Witch Hunter", "Action",63434, 6.0, 2015),
        (176,"Insurgent", "Adventure",160386, 6.3, 2015),
        (177,"The DUFF", "Comedy",53584, 6.5, 2015),
        (178,"The Good Dinosaur", "Animation",68749, 6.8, 2015),
        (179,"Focus", "Comedy",155186, 6.6, 2015),
        (180,"Jupiter Ascending", "Action",142878, 5.4, 2015),
        (181,"Fantastic Four", "Action",114717, 4.3, 2015),
        (182,"Concussion", "Biography",51021, 7.1, 2015),
        (183,"Muhammad: The Messenger of God", "Biography",4266, 8.1, 2015),
        (184,"Equals", "Drama",10357, 6.1, 2015),
        (185,"Magic Mike XXL", "Comedy",39910, 5.7, 2015),
        (186,"The Longest Ride", "Drama",53050, 7.1, 2015),
        (187,"Daddy's Home", "Comedy",59706, 6.1, 2015),
        (188,"Knight of Cups", "Drama",14456, 5.7, 2015),
        (189,"The Ridiculous 6", "Comedy",28505, 4.9, 2015),
        (190,"Ted 2", "Comedy",123758, 6.4, 2015),
        (191,"Minions", "Animation",148448, 6.4, 2015),
        (192,"Macbeth", "Drama",37044, 6.7, 2015),
        (193,"The Final Girls", "Comedy",20599, 6.6, 2015),
        (194,"A Bigger Splash", "Crime",10315, 6.4, 2015),
        (195,"Chappie", "Action",177519, 6.9, 2015),
        (196,"En man som heter Ove", "Comedy",7806, 7.6, 2015),
        (197,"Doctor Strange", "Action",71532, 8.0, 2016),
        (198,"Jack Reacher: Never Go Back", "Action",15821, 6.4, 2016),
        (199,"Inferno", "Action",28671, 6.4, 2016),
        (200,"Sausage Party", "Animation",61333, 6.5, 2016),
        (201,"The Accountant", "Action",27335, 7.7, 2016),
        (202,"Nocturnal Animals", "Drama",2060, 8.1, 2016),
        (203,"The Girl on the Train", "Drama",25170, 6.7, 2016),
        (204,"Suicide Squad", "Action",249658, 6.6, 2016),
        (205,"Boo! A Madea Halloween", "Comedy",1851, 4.7, 2016),
        (206,"Split", "Horror",331, 8.1, 2016),
        (207,"Miss Peregrine's Home for Peculiar Children", "Adventure",31522, 7.0, 2016),
        (208,"Keeping Up with the Joneses", "Action",1964, 5.8, 2016),
        (209,"Hacksaw Ridge", "Biography",6904, 8.8, 2016),
        (210,"Trolls", "Animation",3307, 6.7, 2016),
        (211,"Captain Fantastic", "Comedy",30203, 8.0, 2016),
        (212,"Star Trek Beyond", "Action",111125, 7.2, 2016),
        (213,"Bad Moms", "Comedy",30510, 6.3, 2016),
        (214,"Ghostbusters", "Action",111399, 5.4, 2016),
        (215,"Arrival", "Drama",2396, 8.5, 2016),
        (216,"Don't Breathe", "Crime",55841, 7.3, 2016),
        (217,"Nerve", "Adventure",37601, 6.7, 2016),
        (218,"Finding Dory", "Animation",87660, 7.6, 2016),
        (219,"Gods of Egypt", "Action",60592, 5.5, 2016),
        (220,"X-Men: Apocalypse", "Action",210509, 7.2, 2016),
        (221,"Deadpool", "Action",533503, 8.1, 2016),
        (222,"Independence Day: Resurgence", "Action",93353, 5.4, 2016),
        (223,"The BFG", "Adventure",21997, 6.6, 2016),
        (224,"Anthropoid", "Biography",8307, 7.3, 2016),
        (225,"The Magnificent Seven", "Action",35670, 7.1, 2016),
        (226,"Deepwater Horizon", "Action",19531, 7.5, 2016),
        (227,"The Infiltrator", "Biography",20436, 7.1, 2016),
        (228,"Lights Out", "Horror",43426, 6.5, 2016),
        (229,"In a Valley of Violence", "Western",1942, 6.0, 2016),
        (230,"Zootopia", "Animation",216939, 8.1, 2016),
        (231,"The Legend of Tarzan", "Action",80332, 6.4, 2016),
        (232,"Warcraft", "Action",154327, 7.1, 2016),
        (233,"Captain America: Civil War", "Action",340867, 8.0, 2016),
        (234,"Billy Lynn's Long Halftime Walk", "Drama",348, 6.4, 2016),
        (235,"Moonlight", "Drama",2184, 8.7, 2016),
        (236,"American Pastoral", "Crime",742, 6.2, 2016),
        (237,"Me Before You", "Drama",82868, 7.5, 2016),
        (238,"Batman v Superman: Dawn of Justice", "Action",415255, 6.8, 2016),
        (239,"Alice Through the Looking Glass", "Adventure",37184, 6.3, 2016),
        (240,"Shivaay", "Action",4948, 7.2, 2016),
        (241,"King Cobra", "Crime",928, 5.8, 2016),
        (242,"The Conjuring 2", "Horror",108550, 7.5, 2016),
        (243,"Sully", "Biography",34289, 7.9, 2016),
        (244,"Mike and Dave Need Wedding Dates", "Adventure",30530, 6.1, 2016),
        (245,"The Whole Truth", "Drama",3888, 6.0, 2016),
        (246,"Imperium", "Crime",14516, 6.5, 2016),
        (247,"Neruda", "Biography",812, 7.3, 2016),
        (248,"Masterminds", "Action",3254, 5.8, 2016),
        (249,"Nine Lives", "Comedy",5010, 5.0, 2016),
        (250,"The Nice Guys", "Action",116011, 7.4, 2016),
        (251,"Swiss Army Man", "Adventure",32284, 7.2, 2016),
        (252,"Central Intelligence", "Action",66143, 6.4, 2016),
        (253,"The Siege of Jadotville", "Action",6428, 7.4, 2016),
        (254,"The Shallows", "Drama",54247, 6.4, 2016),
        (255,"The Jungle Book", "Adventure",151342, 7.6, 2016),
        (256,"Blood Father", "Action",25837, 6.5, 2016),
        (257,"The Secret Life of Pets", "Animation",63437, 6.7, 2016),
        (258,"Storks", "Animation",5798, 7.0, 2016),
        (259,"The Neon Demon", "Horror",29895, 6.4, 2016),
        (260,"Tokyo Zance", "Comedy",5, 5.4, 2001),
        (261,"Snowden", "Biography",12257, 7.4, 2016),
        (262,"The Purge: Election Year", "Action",38837, 6.0, 2016),
        (263,"Bleed for This", "Biography",382, 6.5, 2016),
        (264,"Now You See Me 2", "Action",112664, 6.5, 2016),
        (265,"Free State of Jones", "Action",16935, 6.9, 2016),
        (266,"Bridget Jones's Baby", "Comedy",16892, 7.3, 2016),
        (267,"Max Steel", "Action",897, 4.9, 2016),
        (268,"Teenage Mutant Ninja Turtles: Out of the Shadows", "Action",45213, 6.1, 2016),
        (269,"Mascots", "Comedy",3147, 5.9, 2016),
        (270,"Ah-ga-ssi", "Drama",7135, 8.1, 2016),
        (271,"Ice Age: Collision Course", "Animation",21966, 5.7, 2016),
        (272,"13 Hours", "Action",59515, 7.3, 2016),
        (273,"La La Land", "Comedy",1473, 8.6, 2016),
        (274,"I'm Not Ashamed", "Biography",345, 6.1, 2016),
        (275,"The Edge of Seventeen", "Comedy",305, 7.7, 2016),
        (276,"Jason Bourne", "Action",87772, 6.8, 2016),
        (277,"American Honey", "Drama",2493, 7.5, 2016),
        (278,"Mechanic: Resurrection", "Action",18817, 5.7, 2016),
        (279,"Busanhaeng", "Action",22742, 7.6, 2016),
        (280,"Grimsby", "Action",50897, 6.2, 2016),
        (281,"Hell or High Water", "Crime",15385, 8.2, 2016),
        (282,"10 Cloverfield Lane", "Drama",149415, 7.3, 2016),
        (283,"The Finest Hours", "Action",34666, 6.8, 2016),
        (284,"Top Gun", "Action",273458, 6.9, 1986);

INSERT INTO movies_actors
 (actor_id , movie_id)
 VALUES (1,1),
        (2,1),
        (3,1),
        (4,1),
        (5,1),
        (6,1),
        (7,1),
        (8,1),
        (9,1),
        (10,2),
        (11,2),
        (12,2),
        (13,2),
        (14,2),
        (15,2),
        (16,2),
        (17,2),
        (18,3),
        (19,3),
        (20,3),
        (21,3),
        (22,3),
        (23,3),
        (24,3),
        (25,3),
        (26,3),
        (27,4),
        (28,4),
        (29,4),
        (30,4),
        (31,4),
        (32,4),
        (33,4),
        (34,4),
        (35,4),
        (36,5),
        (37,5),
        (38,5),
        (39,5),
        (40,5),
        (41,5),
        (42,5),
        (43,5),
        (44,6),
        (45,6),
        (46,6),
        (22,6),
        (47,6),
        (48,6),
        (49,6),
        (50,6),
        (51,7),
        (52,7),
        (53,7),
        (54,7),
        (55,7),
        (56,7),
        (57,7),
        (58,7),
        (59,7),
        (60,8),
        (61,8),
        (62,8),
        (63,8),
        (64,9),
        (65,9),
        (66,9),
        (67,9),
        (68,9),
        (69,9),
        (70,9),
        (71,10),
        (72,10),
        (73,10),
        (74,10),
        (75,10),
        (76,10),
        (77,10),
        (78,10),
        (79,10),
        (80,11),
        (81,11),
        (82,11),
        (83,11),
        (84,11),
        (85,12),
        (86,12),
        (87,12),
        (88,12),
        (89,12),
        (90,12),
        (91,12),
        (92,13),
        (43,13),
        (93,13),
        (94,13),
        (95,13),
        (96,13),
        (97,13),
        (98,14),
        (99,14),
        (100,14),
        (101,14),
        (102,15),
        (103,15),
        (104,15),
        (105,15),
        (106,15),
        (107,15),
        (108,15),
        (109,15),
        (110,16),
        (111,16),
        (112,16),
        (113,16),
        (114,16),
        (115,16),
        (116,17),
        (117,17),
        (118,17),
        (119,18),
        (120,18),
        (121,18),
        (122,18),
        (123,18),
        (80,18),
        (124,18),
        (125,18),
        (126,19),
        (127,19),
        (128,19),
        (129,19),
        (130,19),
        (131,19),
        (132,19),
        (133,19),
        (134,19),
        (135,20),
        (136,20),
        (137,20),
        (138,20),
        (139,20),
        (140,20),
        (141,20),
        (142,20),
        (143,21),
        (144,21),
        (145,21),
        (146,21),
        (147,21),
        (111,21),
        (148,21),
        (149,21),
        (150,21),
        (151,22),
        (152,22),
        (136,22),
        (153,22),
        (42,22),
        (154,22),
        (155,22),
        (156,22),
        (157,23),
        (2,23),
        (158,23),
        (159,23),
        (160,23),
        (161,23),
        (162,23),
        (163,23),
        (164,23),
        (165,24),
        (166,24),
        (167,24),
        (168,24),
        (169,24),
        (170,24),
        (171,24),
        (172,25),
        (173,25),
        (174,25),
        (175,25),
        (176,25),
        (177,25),
        (178,25),
        (165,25),
        (179,26),
        (180,26),
        (181,26),
        (182,26),
        (183,26),
        (184,26),
        (185,26),
        (186,26),
        (187,26),
        (188,27),
        (189,27),
        (190,27),
        (191,27),
        (192,27),
        (193,27),
        (194,27),
        (195,27),
        (196,27),
        (197,28),
        (198,28),
        (199,28),
        (200,28),
        (201,28),
        (202,28),
        (203,28),
        (204,29),
        (205,29),
        (206,29),
        (207,29),
        (208,29),
        (209,29),
        (210,29),
        (211,30),
        (212,30),
        (213,30),
        (214,30),
        (215,31),
        (144,31),
        (216,31),
        (217,31),
        (218,31),
        (219,32),
        (220,32),
        (221,32),
        (222,32),
        (223,33),
        (224,33),
        (78,33),
        (225,33),
        (226,33),
        (227,33),
        (228,33),
        (229,34),
        (230,34),
        (231,35),
        (232,35),
        (233,35),
        (234,35),
        (235,35),
        (236,35),
        (237,35),
        (238,35),
        (239,36),
        (240,36),
        (241,36),
        (242,36),
        (243,36),
        (244,36),
        (245,37),
        (246,37),
        (105,37),
        (247,37),
        (248,37),
        (249,37),
        (119,38),
        (125,38),
        (250,38),
        (251,38),
        (252,38),
        (22,38),
        (253,38),
        (254,38),
        (255,39),
        (256,39),
        (257,39),
        (258,39),
        (259,39),
        (260,39),
        (261,39),
        (262,39),
        (263,40),
        (264,40),
        (265,40),
        (266,40),
        (267,40),
        (268,40),
        (269,40),
        (270,41),
        (271,41),
        (272,41),
        (273,41),
        (274,41),
        (275,41),
        (276,41),
        (277,41),
        (278,41),
        (189,42),
        (279,42),
        (280,42),
        (281,42),
        (282,42),
        (283,42),
        (284,43),
        (285,43),
        (286,43),
        (287,43),
        (288,43),
        (289,43),
        (290,43),
        (291,43),
        (292,44),
        (293,44),
        (294,44),
        (295,44),
        (5,45),
        (296,45),
        (297,45),
        (298,45),
        (299,46),
        (300,46),
        (187,46),
        (301,46),
        (302,46),
        (303,46),
        (304,46),
        (305,46),
        (54,47),
        (306,47),
        (307,47),
        (308,47),
        (309,47),
        (310,47),
        (311,47),
        (312,47),
        (285,47),
        (313,48),
        (314,48),
        (315,48),
        (316,48),
        (317,48),
        (87,48),
        (318,48),
        (319,48),
        (320,48),
        (295,49),
        (321,50),
        (322,50),
        (323,50),
        (324,50),
        (122,50),
        (325,50),
        (326,51),
        (327,51),
        (328,51),
        (329,51),
        (330,51),
        (331,51),
        (332,51),
        (333,51),
        (334,52),
        (335,52),
        (336,52),
        (337,52),
        (338,53),
        (339,53),
        (340,53),
        (341,53),
        (128,53),
        (342,53),
        (343,53),
        (344,54),
        (345,54),
        (346,54),
        (347,55),
        (348,55),
        (349,55),
        (350,55),
        (351,55),
        (352,55),
        (353,56),
        (132,56),
        (354,56),
        (355,56),
        (356,56),
        (357,56),
        (358,56),
        (321,56),
        (359,56),
        (360,57),
        (158,57),
        (212,57),
        (361,57),
        (362,57),
        (161,57),
        (363,58),
        (364,58),
        (365,58),
        (366,58),
        (367,58),
        (368,58),
        (369,58),
        (370,58),
        (371,59),
        (372,59),
        (373,59),
        (374,59),
        (375,59),
        (227,59),
        (376,59),
        (223,60),
        (377,60),
        (311,60),
        (378,60),
        (379,60),
        (380,60),
        (381,60),
        (9,60),
        (382,61),
        (383,61),
        (384,61),
        (385,61),
        (386,61),
        (387,61),
        (388,61),
        (389,62),
        (390,62),
        (391,62),
        (392,62),
        (393,62),
        (394,62),
        (395,62),
        (396,63),
        (397,63),
        (398,63),
        (135,63),
        (399,63),
        (400,63),
        (401,63),
        (402,64),
        (403,64),
        (404,64),
        (405,64),
        (406,64),
        (407,64),
        (408,65),
        (364,65),
        (409,65),
        (410,65),
        (411,65),
        (412,65),
        (413,65),
        (414,65),
        (415,65),
        (416,66),
        (417,66),
        (303,66),
        (418,66),
        (419,66),
        (420,66),
        (421,66),
        (422,66),
        (423,67),
        (263,67),
        (424,67),
        (425,67),
        (426,68),
        (427,68),
        (428,68),
        (429,68),
        (430,68),
        (431,68),
        (432,69),
        (433,69),
        (434,69),
        (435,69),
        (122,69),
        (436,69),
        (437,69),
        (438,69),
        (439,70),
        (440,70),
        (441,70),
        (442,70),
        (443,70),
        (444,70),
        (445,70),
        (446,70),
        (5,71),
        (447,71),
        (448,71),
        (449,71),
        (450,71),
        (451,71),
        (452,71),
        (453,72),
        (454,72),
        (455,72),
        (365,72),
        (456,72),
        (457,72),
        (458,72),
        (459,73),
        (460,73),
        (461,73),
        (462,74),
        (463,74),
        (464,74),
        (465,74),
        (466,74),
        (172,75),
        (467,75),
        (468,75),
        (469,75),
        (470,75),
        (471,75),
        (472,76),
        (311,76),
        (473,76),
        (474,76),
        (475,76),
        (476,76),
        (477,76),
        (478,76),
        (479,76),
        (268,77),
        (80,77),
        (480,77),
        (137,77),
        (481,77),
        (482,77),
        (483,77),
        (484,77),
        (485,78),
        (486,79),
        (487,79),
        (488,79),
        (278,79),
        (489,79),
        (490,79),
        (491,80),
        (99,80),
        (492,80),
        (493,80),
        (494,80),
        (495,80),
        (496,80),
        (497,80),
        (498,81),
        (499,81),
        (500,81),
        (501,81),
        (502,81),
        (503,81),
        (504,81),
        (505,82),
        (506,82),
        (507,82),
        (508,82),
        (509,82),
        (510,82),
        (511,82),
        (512,82),
        (145,83),
        (264,83),
        (513,83),
        (514,83),
        (515,83),
        (498,83),
        (516,83),
        (517,84),
        (518,84),
        (519,84),
        (520,84),
        (521,84),
        (179,85),
        (522,85),
        (523,85),
        (524,85),
        (525,85),
        (526,86),
        (132,86),
        (527,86),
        (528,86),
        (529,86),
        (530,86),
        (531,86),
        (532,86),
        (533,87),
        (534,87),
        (535,87),
        (472,87),
        (536,87),
        (29,87),
        (537,87),
        (538,87),
        (378,88),
        (539,88),
        (540,88),
        (541,88),
        (542,88),
        (381,88),
        (543,88),
        (544,88),
        (545,89),
        (546,89),
        (419,90),
        (547,90),
        (548,90),
        (549,90),
        (550,90),
        (551,90),
        (552,90),
        (553,90),
        (554,90),
        (498,91),
        (555,91),
        (556,91),
        (557,91),
        (558,91),
        (559,91),
        (560,92),
        (561,92),
        (562,92),
        (563,93),
        (564,93),
        (565,93),
        (566,93),
        (567,93),
        (568,93),
        (569,94),
        (570,95),
        (571,95),
        (572,95),
        (411,95),
        (573,95),
        (574,95),
        (575,95),
        (576,96),
        (577,97),
        (578,97),
        (114,97),
        (104,97),
        (401,97),
        (579,97),
        (580,97),
        (581,98),
        (582,98),
        (282,98),
        (583,98),
        (584,98),
        (145,98),
        (585,98),
        (327,98),
        (586,98),
        (585,99),
        (37,99),
        (462,99),
        (587,99),
        (588,99),
        (589,99),
        (590,99),
        (591,99),
        (550,100),
        (86,100),
        (122,100),
        (553,100),
        (391,100),
        (592,100),
        (272,101),
        (96,101),
        (593,101),
        (594,101),
        (595,101),
        (596,101),
        (597,101),
        (477,101),
        (389,101),
        (598,102),
        (570,102),
        (322,102),
        (242,102),
        (599,102),
        (600,102),
        (54,103),
        (601,103),
        (5,103),
        (602,103),
        (603,103),
        (604,103),
        (605,104),
        (327,104),
        (18,104),
        (606,104),
        (607,104),
        (608,104),
        (3,104),
        (609,104),
        (610,105),
        (611,105),
        (612,105),
        (613,105),
        (614,105),
        (615,106),
        (616,106),
        (396,106),
        (1,107),
        (617,107),
        (618,107),
        (443,107),
        (619,107),
        (620,107),
        (449,107),
        (621,107),
        (570,108),
        (534,108),
        (56,108),
        (622,108),
        (623,108),
        (624,108),
        (625,108),
        (626,108),
        (627,109),
        (628,109),
        (629,109),
        (630,109),
        (631,109),
        (550,109),
        (176,109),
        (259,109),
        (173,110),
        (632,110),
        (633,110),
        (634,110),
        (635,110),
        (636,110),
        (637,110),
        (638,110),
        (378,111),
        (110,111),
        (463,111),
        (639,111),
        (640,111),
        (103,112),
        (641,112),
        (128,112),
        (642,112),
        (88,112),
        (643,112),
        (644,112),
        (645,112),
        (439,113),
        (646,113),
        (647,113),
        (172,113),
        (174,113),
        (648,113),
        (649,113),
        (173,113),
        (650,113),
        (647,114),
        (215,114),
        (651,114),
        (652,114),
        (653,114),
        (654,114),
        (180,114),
        (655,114),
        (524,115),
        (656,115),
        (657,115),
        (658,115),
        (659,115),
        (660,115),
        (141,116),
        (661,116),
        (662,116),
        (663,116),
        (664,116),
        (665,116),
        (666,116),
        (667,116),
        (668,116),
        (322,117),
        (669,117),
        (597,117),
        (378,117),
        (670,118),
        (671,118),
        (672,118),
        (673,118),
        (674,119),
        (428,119),
        (635,119),
        (675,119),
        (676,119),
        (677,119),
        (102,120),
        (648,120),
        (678,120),
        (679,120),
        (680,120),
        (386,120),
        (681,120),
        (682,120),
        (683,120),
        (54,121),
        (306,121),
        (307,121),
        (308,121),
        (309,121),
        (310,121),
        (311,121),
        (312,121),
        (285,121),
        (684,122),
        (685,122),
        (686,122),
        (687,122),
        (688,122),
        (689,122),
        (690,122),
        (691,122),
        (527,122),
        (419,123),
        (397,123),
        (36,123),
        (141,123),
        (692,123),
        (693,123),
        (694,123),
        (695,123),
        (66,123),
        (646,124),
        (696,124),
        (549,124),
        (104,124),
        (607,124),
        (697,124),
        (698,124),
        (85,125),
        (71,125),
        (699,125),
        (700,125),
        (701,125),
        (702,125),
        (44,126),
        (703,126),
        (704,126),
        (705,126),
        (706,126),
        (707,126),
        (708,127),
        (709,127),
        (710,127),
        (711,127),
        (712,127),
        (713,127),
        (714,127),
        (715,127),
        (716,128),
        (717,128),
        (718,128),
        (719,128),
        (720,129),
        (721,129),
        (722,129),
        (476,129),
        (513,129),
        (177,129),
        (723,129),
        (724,130),
        (725,130),
        (726,130),
        (727,130),
        (728,130),
        (729,130),
        (730,131),
        (731,131),
        (732,131),
        (733,132),
        (734,132),
        (735,132),
        (736,132),
        (737,133),
        (738,133),
        (739,133),
        (740,133),
        (591,133),
        (741,133),
        (742,133),
        (743,133),
        (744,134),
        (745,134),
        (746,134),
        (747,134),
        (748,134),
        (53,135),
        (749,135),
        (263,135),
        (630,135),
        (750,135),
        (339,135),
        (751,135),
        (752,136),
        (753,136),
        (754,136),
        (755,136),
        (756,136),
        (757,136),
        (758,136),
        (759,136),
        (4,137),
        (760,137),
        (271,137),
        (761,137),
        (762,137),
        (763,137),
        (764,137),
        (255,137),
        (765,137),
        (766,138),
        (628,138),
        (767,138),
        (768,138),
        (769,138),
        (770,138),
        (771,138),
        (62,138),
        (772,138),
        (313,139),
        (535,139),
        (135,139),
        (773,139),
        (774,139),
        (775,139),
        (776,139),
        (777,139),
        (273,140),
        (390,140),
        (778,140),
        (122,140),
        (81,140),
        (779,140),
        (780,140),
        (781,140),
        (642,141),
        (782,141),
        (783,141),
        (109,141),
        (784,141),
        (785,141),
        (409,141),
        (25,142),
        (786,142),
        (787,142),
        (788,143),
        (135,143),
        (390,144),
        (789,144),
        (790,144),
        (791,144),
        (792,145),
        (793,145),
        (794,145),
        (795,145),
        (796,145),
        (797,146),
        (798,146),
        (799,146),
        (800,146),
        (801,146),
        (737,147),
        (802,147),
        (803,147),
        (804,147),
        (805,147),
        (806,148),
        (807,148),
        (808,148),
        (809,148),
        (601,149),
        (810,149),
        (811,149),
        (812,149),
        (813,149),
        (245,150),
        (217,150),
        (814,150),
        (815,150),
        (816,150),
        (817,150),
        (818,151),
        (819,151),
        (226,151),
        (820,151),
        (821,151),
        (822,151),
        (823,151),
        (73,152),
        (372,152),
        (67,152),
        (635,152),
        (824,152),
        (825,152),
        (527,153),
        (826,153),
        (827,154),
        (828,154),
        (829,154),
        (830,154),
        (831,154),
        (832,154),
        (833,155),
        (834,155),
        (835,155),
        (836,155),
        (837,155),
        (838,155),
        (480,156),
        (270,156),
        (839,156),
        (840,156),
        (841,156),
        (842,156),
        (843,156),
        (208,156),
        (245,157),
        (651,157),
        (844,157),
        (845,157),
        (846,157),
        (608,157),
        (847,158),
        (848,158),
        (849,158),
        (52,158),
        (850,158),
        (851,158),
        (609,158),
        (428,159),
        (852,159),
        (464,159),
        (853,159),
        (854,159),
        (813,159),
        (855,159),
        (856,159),
        (857,159),
        (317,160),
        (45,160),
        (858,160),
        (859,160),
        (860,160),
        (861,160),
        (862,160),
        (255,161),
        (863,161),
        (864,161),
        (865,161),
        (866,161),
        (148,161),
        (153,161),
        (867,161),
        (868,162),
        (869,162),
        (272,162),
        (10,162),
        (870,162),
        (871,162),
        (872,162),
        (873,162),
        (315,163),
        (874,163),
        (875,163),
        (876,163),
        (262,163),
        (877,163),
        (878,163),
        (58,164),
        (879,164),
        (880,164),
        (881,164),
        (658,164),
        (486,165),
        (882,165),
        (883,165),
        (884,165),
        (885,165),
        (886,165),
        (887,165),
        (888,165),
        (51,166),
        (889,166),
        (323,166),
        (802,166),
        (591,166),
        (535,166),
        (890,166),
        (749,167),
        (307,167),
        (891,167),
        (892,167),
        (367,167),
        (893,167),
        (894,167),
        (239,168),
        (243,168),
        (241,168),
        (895,168),
        (896,168),
        (897,168),
        (898,168),
        (579,169),
        (24,169),
        (899,169),
        (900,169),
        (777,169),
        (901,169),
        (902,169),
        (903,169),
        (904,170),
        (160,170),
        (905,170),
        (646,170),
        (499,170),
        (906,170),
        (907,170),
        (282,170),
        (632,171),
        (908,171),
        (909,171),
        (910,171),
        (911,171),
        (912,171),
        (913,171),
        (914,171),
        (915,172),
        (916,172),
        (759,172),
        (822,172),
        (917,172),
        (918,172),
        (919,172),
        (920,173),
        (921,173),
        (922,173),
        (923,173),
        (801,173),
        (887,173),
        (924,173),
        (581,174),
        (547,174),
        (397,174),
        (758,174),
        (925,174),
        (926,174),
        (927,174),
        (928,174),
        (4,175),
        (929,175),
        (930,175),
        (931,175),
        (932,175),
        (579,175),
        (933,175),
        (749,176),
        (122,176),
        (934,176),
        (119,176),
        (120,176),
        (125,176),
        (80,176),
        (935,176),
        (936,177),
        (937,177),
        (490,177),
        (938,177),
        (939,177),
        (940,177),
        (941,177),
        (942,177),
        (943,178),
        (944,178),
        (945,178),
        (946,179),
        (947,179),
        (366,179),
        (358,179),
        (621,179),
        (948,179),
        (949,179),
        (950,180),
        (158,180),
        (631,180),
        (110,180),
        (318,180),
        (951,180),
        (952,180),
        (953,180),
        (80,181),
        (480,181),
        (550,181),
        (954,181),
        (393,181),
        (955,181),
        (956,181),
        (957,181),
        (946,182),
        (958,182),
        (959,182),
        (960,182),
        (961,182),
        (962,182),
        (963,182),
        (566,182),
        (964,182),
        (965,183),
        (966,183),
        (56,184),
        (967,184),
        (968,184),
        (969,184),
        (970,184),
        (158,185),
        (971,185),
        (972,185),
        (973,185),
        (974,185),
        (975,185),
        (922,186),
        (976,186),
        (977,186),
        (978,186),
        (979,186),
        (83,186),
        (980,186),
        (981,187),
        (179,187),
        (982,187),
        (983,187),
        (513,187),
        (984,187),
        (985,187),
        (396,188),
        (737,188),
        (986,188),
        (987,188),
        (988,188),
        (989,188),
        (990,188),
        (412,188),
        (874,188),
        (486,189),
        (278,189),
        (991,189),
        (992,189),
        (993,189),
        (994,189),
        (995,189),
        (996,189),
        (24,189),
        (179,190),
        (533,190),
        (535,190),
        (536,190),
        (552,190),
        (997,190),
        (998,190),
        (999,190),
        (1000,191),
        (1001,191),
        (215,191),
        (1002,191),
        (1003,191),
        (1004,191),
        (1005,191),
        (1006,191),
        (53,192),
        (1007,192),
        (1008,192),
        (1009,193),
        (1010,193),
        (1011,193),
        (1012,193),
        (746,193),
        (1013,193),
        (813,193),
        (1014,193),
        (1015,193),
        (1016,194),
        (411,194),
        (18,194),
        (141,194),
        (1017,194),
        (73,195),
        (793,195),
        (1018,195),
        (1019,195),
        (592,195),
        (51,195),
        (400,195),
        (1020,196),
        (1021,196),
        (1022,196),
        (1023,196),
        (36,197),
        (1024,197),
        (651,197),
        (1025,197),
        (526,197),
        (1016,197),
        (750,197),
        (1026,197),
        (1027,197),
        (102,198),
        (178,198),
        (719,198),
        (1028,198),
        (1029,198),
        (735,199),
        (111,199),
        (449,199),
        (618,199),
        (1030,199),
        (1031,199),
        (1032,199),
        (1033,200),
        (1034,200),
        (1035,200),
        (1036,200),
        (1037,200),
        (1038,200),
        (423,200),
        (27,201),
        (428,201),
        (81,201),
        (88,201),
        (1039,201),
        (1040,201),
        (13,201),
        (1041,201),
        (326,202),
        (245,202),
        (1042,202),
        (1043,202),
        (1044,202),
        (1045,202),
        (1046,202),
        (1047,202),
        (103,203),
        (67,203),
        (679,203),
        (1048,203),
        (151,203),
        (1049,203),
        (1002,203),
        (1050,203),
        (946,204),
        (266,204),
        (947,204),
        (1051,204),
        (1052,204),
        (1053,204),
        (66,204),
        (30,205),
        (1054,205),
        (490,205),
        (1055,205),
        (52,206),
        (1056,206),
        (610,206),
        (1057,206),
        (1058,206),
        (560,206),
        (1059,206),
        (90,206),
        (1060,206),
        (132,207),
        (563,207),
        (173,207),
        (1061,207),
        (1062,207),
        (1002,207),
        (1063,207),
        (331,207),
        (1064,207),
        (216,208),
        (1044,208),
        (1001,208),
        (1065,208),
        (1066,208),
        (1067,208),
        (143,209),
        (891,209),
        (428,210),
        (1068,210),
        (1069,210),
        (1070,210),
        (1071,210),
        (1072,210),
        (1073,210),
        (1074,210),
        (1075,210),
        (1076,211),
        (1077,211),
        (1078,211),
        (1079,211),
        (801,211),
        (585,212),
        (1080,212),
        (408,212),
        (2,212),
        (678,212),
        (1081,212),
        (744,212),
        (1082,212),
        (1083,212),
        (950,213),
        (801,213),
        (1084,213),
        (160,213),
        (1085,213),
        (1086,213),
        (845,213),
        (752,213),
        (1087,213),
        (1088,214),
        (629,214),
        (1089,214),
        (42,214),
        (786,214),
        (1090,214),
        (326,215),
        (648,215),
        (750,215),
        (844,215),
        (1091,215),
        (1092,216),
        (1093,216),
        (819,216),
        (1094,216),
        (1095,216),
        (1096,217),
        (269,217),
        (1097,217),
        (1098,217),
        (1099,217),
        (1100,217),
        (1101,217),
        (1102,218),
        (959,218),
        (1103,218),
        (1104,218),
        (1105,218),
        (1106,218),
        (1107,218),
        (78,219),
        (1108,219),
        (500,219),
        (1109,219),
        (1110,219),
        (1111,219),
        (52,220),
        (53,220),
        (54,220),
        (56,220),
        (597,220),
        (264,220),
        (1112,220),
        (623,220),
        (1113,220),
        (426,221),
        (1114,221),
        (1115,221),
        (1116,221),
        (1117,221),
        (1118,221),
        (1119,221),
        (307,222),
        (23,222),
        (1120,222),
        (68,222),
        (99,222),
        (1121,222),
        (190,222),
        (1122,222),
        (1123,222),
        (733,223),
        (1124,223),
        (1125,223),
        (229,223),
        (547,223),
        (564,223),
        (711,223),
        (1126,223),
        (661,224),
        (549,224),
        (1127,224),
        (112,224),
        (1128,224),
        (64,225),
        (1,225),
        (295,225),
        (443,225),
        (781,225),
        (1129,225),
        (67,225),
        (693,225),
        (179,226),
        (632,226),
        (1130,226),
        (1131,226),
        (1132,226),
        (1133,226),
        (1134,226),
        (1135,227),
        (850,227),
        (1136,227),
        (1137,227),
        (1138,227),
        (821,227),
        (874,228),
        (1139,228),
        (1140,228),
        (1141,228),
        (1142,228),
        (295,229),
        (1143,229),
        (1009,229),
        (675,229),
        (8,229),
        (1144,229),
        (1145,229),
        (1146,230),
        (581,230),
        (1082,230),
        (1147,230),
        (1148,230),
        (1149,230),
        (1150,230),
        (1151,230),
        (81,230),
        (327,231),
        (173,231),
        (947,231),
        (1152,232),
        (1153,232),
        (1031,232),
        (136,232),
        (393,232),
        (1154,232),
        (1155,232),
        (1156,232),
        (172,233),
        (439,233),
        (174,233),
        (176,233),
        (177,233),
        (650,233),
        (648,233),
        (1157,233),
        (548,233),
        (968,234),
        (4,234),
        (323,234),
        (1158,234),
        (1159,234),
        (1160,234),
        (1161,234),
        (1162,235),
        (608,235),
        (1163,236),
        (314,236),
        (1164,236),
        (1165,236),
        (1166,236),
        (1167,236),
        (1168,236),
        (1169,236),
        (285,237),
        (778,237),
        (1170,237),
        (1171,237),
        (27,238),
        (1172,238),
        (326,238),
        (1173,238),
        (714,238),
        (1174,238),
        (792,238),
        (1175,238),
        (1065,238),
        (419,239),
        (766,239),
        (740,239),
        (810,239),
        (1176,239),
        (1177,239),
        (1178,239),
        (1179,239),
        (1180,239),
        (1181,240),
        (1182,240),
        (1183,240),
        (423,241),
        (1184,241),
        (1185,241),
        (1186,241),
        (1187,241),
        (1188,241),
        (908,242),
        (441,242),
        (1189,242),
        (1190,242),
        (681,242),
        (1191,242),
        (735,243),
        (432,243),
        (1192,243),
        (1193,243),
        (963,243),
        (1194,243),
        (1195,243),
        (1029,243),
        (268,244),
        (813,244),
        (428,244),
        (1196,244),
        (1197,244),
        (1198,244),
        (1033,244),
        (44,245),
        (960,245),
        (1199,245),
        (1200,245),
        (847,246),
        (754,246),
        (1201,246),
        (252,246),
        (1202,246),
        (1203,246),
        (1204,247),
        (1205,247),
        (1206,247),
        (1207,247),
        (1090,248),
        (629,248),
        (216,248),
        (582,248),
        (1208,248),
        (1209,248),
        (1210,248),
        (1211,248),
        (1212,248),
        (584,249),
        (1213,249),
        (937,249),
        (1214,249),
        (1215,249),
        (1216,249),
        (1217,249),
        (313,250),
        (615,250),
        (975,250),
        (1218,250),
        (1219,250),
        (1220,250),
        (900,251),
        (847,251),
        (1221,251),
        (255,252),
        (1222,252),
        (821,252),
        (1223,252),
        (581,252),
        (135,252),
        (1224,252),
        (925,252),
        (661,253),
        (43,253),
        (1225,253),
        (1226,253),
        (529,253),
        (1227,253),
        (732,253),
        (1228,253),
        (868,254),
        (1229,254),
        (1230,255),
        (26,255),
        (401,255),
        (1082,255),
        (477,255),
        (174,255),
        (898,255),
        (1216,255),
        (1231,255),
        (274,256),
        (1232,256),
        (157,256),
        (416,256),
        (1233,256),
        (1234,256),
        (1235,256),
        (1236,257),
        (410,257),
        (1222,257),
        (1147,257),
        (557,257),
        (959,257),
        (1237,257),
        (1238,257),
        (984,257),
        (882,258),
        (181,258),
        (583,258),
        (1105,258),
        (887,258),
        (1239,258),
        (164,258),
        (72,259),
        (1047,259),
        (1240,259),
        (1241,259),
        (1242,259),
        (1243,259),
        (1244,259),
        (44,259),
        (1245,259),
        (1246,260),
        (69,261),
        (1080,261),
        (129,261),
        (1247,261),
        (1177,261),
        (165,262),
        (1248,262),
        (1249,262),
        (461,262),
        (1250,262),
        (1251,262),
        (80,263),
        (855,263),
        (432,263),
        (1252,263),
        (1253,263),
        (1173,264),
        (647,264),
        (308,264),
        (269,264),
        (847,264),
        (424,264),
        (1254,264),
        (1255,264),
        (579,264),
        (11,265),
        (960,265),
        (1162,265),
        (392,265),
        (657,265),
        (896,265),
        (1256,266),
        (1257,266),
        (1258,266),
        (1259,266),
        (1260,266),
        (1261,266),
        (1262,266),
        (92,266),
        (1263,267),
        (1140,267),
        (1264,267),
        (1265,267),
        (1266,267),
        (188,268),
        (189,268),
        (1267,268),
        (1268,268),
        (192,268),
        (195,268),
        (193,268),
        (191,268),
        (30,268),
        (1088,269),
        (1269,269),
        (1270,269),
        (1271,269),
        (1063,269),
        (1272,270),
        (1273,270),
        (1274,270),
        (1275,270),
        (1276,270),
        (1277,270),
        (1278,271),
        (813,271),
        (1279,271),
        (1280,271),
        (1281,271),
        (1282,271),
        (1283,271),
        (1284,272),
        (1285,272),
        (1286,272),
        (1287,272),
        (1288,272),
        (668,272),
        (1289,272),
        (615,273),
        (144,273),
        (1290,274),
        (1291,274),
        (1292,274),
        (464,275),
        (1056,275),
        (1293,275),
        (1294,275),
        (308,275),
        (1295,275),
        (1296,275),
        (627,276),
        (1297,276),
        (378,276),
        (1298,276),
        (1299,276),
        (1300,276),
        (1301,276),
        (1302,277),
        (86,277),
        (626,277),
        (271,278),
        (127,278),
        (1297,278),
        (1303,278),
        (1304,278),
        (1305,278),
        (1306,279),
        (1307,279),
        (1308,279),
        (1309,279),
        (1310,279),
        (1176,280),
        (852,280),
        (43,280),
        (1311,280),
        (1044,280),
        (1235,281),
        (1031,281),
        (585,281),
        (1312,281),
        (223,281),
        (1313,281),
        (1314,282),
        (1221,282),
        (1315,282),
        (1130,282),
        (1316,282),
        (5,282),
        (585,283),
        (1317,283),
        (1031,283),
        (382,283),
        (742,283),
        (573,283),
        (296,283),
        (208,283),
        (102,284),
        (1318,284),
        (1319,284);
